Timestamp,Filename
2013-05-14,/pbstore/groupfs/bpa/legacy/melanoma/raw/ramaciotti/7953_UNSW_C23REACXX/7953_UNSW_C23REACXX_NoIndex_L004_R1_001.fastq.gz
2013-05-14,/pbstore/groupfs/bpa/legacy/melanoma/raw/ramaciotti/7953_UNSW_C23REACXX/7953_UNSW_C23REACXX_NoIndex_L004_R2_001.fastq.gz
2013-05-14,/pbstore/groupfs/bpa/legacy/melanoma/raw/ramaciotti/7953_UNSW_C23REACXX/METADATA
2013-05-14,/pbstore/groupfs/bpa/legacy/melanoma/raw/ramaciotti/7953_UNSW_C23REACXX/checksums.cortex.md5
2013-05-14,/pbstore/groupfs/bpa/legacy/melanoma/raw/ramaciotti/7953_UNSW_C23REACXX/checksums.md5
2013-05-29,/pbstore/groupfs/bpa/legacy/melanoma/raw/ramaciotti/7953_UNSW_C23WEACXX/7953_UNSW_C23WEACXX_NoIndex_L001_R1_001.fastq.gz
2013-05-29,/pbstore/groupfs/bpa/legacy/melanoma/raw/ramaciotti/7953_UNSW_C23WEACXX/7953_UNSW_C23WEACXX_NoIndex_L001_R2_001.fastq.gz
2013-05-29,/pbstore/groupfs/bpa/legacy/melanoma/raw/ramaciotti/7953_UNSW_C23WEACXX/7953_UNSW_C23WEACXX_NoIndex_L002_R1_001.fastq.gz
2013-05-29,/pbstore/groupfs/bpa/legacy/melanoma/raw/ramaciotti/7953_UNSW_C23WEACXX/7953_UNSW_C23WEACXX_NoIndex_L002_R2_001.fastq.gz
2013-05-29,/pbstore/groupfs/bpa/legacy/melanoma/raw/ramaciotti/7953_UNSW_C23WEACXX/7953_UNSW_C23WEACXX_NoIndex_L003_R1_001.fastq.gz
2013-05-29,/pbstore/groupfs/bpa/legacy/melanoma/raw/ramaciotti/7953_UNSW_C23WEACXX/7953_UNSW_C23WEACXX_NoIndex_L003_R2_001.fastq.gz
2013-05-29,/pbstore/groupfs/bpa/legacy/melanoma/raw/ramaciotti/7953_UNSW_C23WEACXX/7953_UNSW_C23WEACXX_NoIndex_L004_R1_001.fastq.gz
2013-05-29,/pbstore/groupfs/bpa/legacy/melanoma/raw/ramaciotti/7953_UNSW_C23WEACXX/7953_UNSW_C23WEACXX_NoIndex_L004_R2_001.fastq.gz
2013-05-29,/pbstore/groupfs/bpa/legacy/melanoma/raw/ramaciotti/7953_UNSW_C23WEACXX/7953_UNSW_C23WEACXX_NoIndex_L005_R1_001.fastq.gz
2013-05-29,/pbstore/groupfs/bpa/legacy/melanoma/raw/ramaciotti/7953_UNSW_C23WEACXX/7953_UNSW_C23WEACXX_NoIndex_L005_R2_001.fastq.gz
2013-05-29,/pbstore/groupfs/bpa/legacy/melanoma/raw/ramaciotti/7953_UNSW_C23WEACXX/METADATA
2013-05-29,/pbstore/groupfs/bpa/legacy/melanoma/raw/ramaciotti/7953_UNSW_C23WEACXX/checksums.md5
2013-05-29,/pbstore/groupfs/bpa/legacy/melanoma/raw/ramaciotti/7954_UNSW_C23WEACXX/7954_UNSW_C23WEACXX_NoIndex_L006_R1_001.fastq.gz
2013-05-29,/pbstore/groupfs/bpa/legacy/melanoma/raw/ramaciotti/7954_UNSW_C23WEACXX/7954_UNSW_C23WEACXX_NoIndex_L006_R2_001.fastq.gz
2013-05-29,/pbstore/groupfs/bpa/legacy/melanoma/raw/ramaciotti/7954_UNSW_C23WEACXX/7954_UNSW_C23WEACXX_NoIndex_L007_R1_001.fastq.gz
2013-05-29,/pbstore/groupfs/bpa/legacy/melanoma/raw/ramaciotti/7954_UNSW_C23WEACXX/7954_UNSW_C23WEACXX_NoIndex_L007_R2_001.fastq.gz
2013-05-29,/pbstore/groupfs/bpa/legacy/melanoma/raw/ramaciotti/7954_UNSW_C23WEACXX/METADATA
2013-05-29,/pbstore/groupfs/bpa/legacy/melanoma/raw/ramaciotti/7954_UNSW_C23WEACXX/checksums.md5
2013-06-24,/pbstore/groupfs/bpa/legacy/melanoma/raw/ramaciotti/7954_UNSW_D262WACXX/7954_UNSW_D262WACXX_NoIndex_L001_R1_001.fastq.gz
2013-06-24,/pbstore/groupfs/bpa/legacy/melanoma/raw/ramaciotti/7954_UNSW_D262WACXX/7954_UNSW_D262WACXX_NoIndex_L001_R2_001.fastq.gz
2013-06-24,/pbstore/groupfs/bpa/legacy/melanoma/raw/ramaciotti/7954_UNSW_D262WACXX/7954_UNSW_D262WACXX_NoIndex_L002_R1_001.fastq.gz
2013-06-24,/pbstore/groupfs/bpa/legacy/melanoma/raw/ramaciotti/7954_UNSW_D262WACXX/7954_UNSW_D262WACXX_NoIndex_L002_R2_001.fastq.gz
2013-06-24,/pbstore/groupfs/bpa/legacy/melanoma/raw/ramaciotti/7954_UNSW_D262WACXX/7954_UNSW_D262WACXX_NoIndex_L003_R1_001.fastq.gz
2013-06-24,/pbstore/groupfs/bpa/legacy/melanoma/raw/ramaciotti/7954_UNSW_D262WACXX/7954_UNSW_D262WACXX_NoIndex_L003_R2_001.fastq.gz
2013-06-24,/pbstore/groupfs/bpa/legacy/melanoma/raw/ramaciotti/7954_UNSW_D262WACXX/7954_UNSW_D262WACXX_NoIndex_L004_R1_001.fastq.gz
2013-06-24,/pbstore/groupfs/bpa/legacy/melanoma/raw/ramaciotti/7954_UNSW_D262WACXX/7954_UNSW_D262WACXX_NoIndex_L004_R2_001.fastq.gz
2013-06-24,/pbstore/groupfs/bpa/legacy/melanoma/raw/ramaciotti/7954_UNSW_D262WACXX/METADATA
2013-06-24,/pbstore/groupfs/bpa/legacy/melanoma/raw/ramaciotti/7954_UNSW_D262WACXX/checksums.md5
2013-05-29,/pbstore/groupfs/bpa/legacy/melanoma/raw/ramaciotti/7955_UNSW_D24TWACXX/7955_UNSW_D24TWACXX_NoIndex_L001_R1_001.fastq.gz
2013-05-29,/pbstore/groupfs/bpa/legacy/melanoma/raw/ramaciotti/7955_UNSW_D24TWACXX/7955_UNSW_D24TWACXX_NoIndex_L001_R2_001.fastq.gz
2013-05-29,/pbstore/groupfs/bpa/legacy/melanoma/raw/ramaciotti/7955_UNSW_D24TWACXX/METADATA
2013-05-29,/pbstore/groupfs/bpa/legacy/melanoma/raw/ramaciotti/7955_UNSW_D24TWACXX/checksums.md5
2013-06-24,/pbstore/groupfs/bpa/legacy/melanoma/raw/ramaciotti/7955_UNSW_D262WACXX/7955_UNSW_D262WACXX_NoIndex_L005_R1_001.fastq.gz
2013-06-24,/pbstore/groupfs/bpa/legacy/melanoma/raw/ramaciotti/7955_UNSW_D262WACXX/7955_UNSW_D262WACXX_NoIndex_L005_R2_001.fastq.gz
2013-06-24,/pbstore/groupfs/bpa/legacy/melanoma/raw/ramaciotti/7955_UNSW_D262WACXX/7955_UNSW_D262WACXX_NoIndex_L006_R1_001.fastq.gz
2013-06-24,/pbstore/groupfs/bpa/legacy/melanoma/raw/ramaciotti/7955_UNSW_D262WACXX/7955_UNSW_D262WACXX_NoIndex_L006_R2_001.fastq.gz
2013-06-24,/pbstore/groupfs/bpa/legacy/melanoma/raw/ramaciotti/7955_UNSW_D262WACXX/METADATA
2013-06-24,/pbstore/groupfs/bpa/legacy/melanoma/raw/ramaciotti/7955_UNSW_D262WACXX/checksums.md5
2013-05-29,/pbstore/groupfs/bpa/legacy/melanoma/raw/ramaciotti/7965_UNSW_C1PH5ACXX/7965_UNSW_C1PH5ACXX_NoIndex_L007_R1_001.fastq.gz
2013-05-29,/pbstore/groupfs/bpa/legacy/melanoma/raw/ramaciotti/7965_UNSW_C1PH5ACXX/7965_UNSW_C1PH5ACXX_NoIndex_L007_R2_001.fastq.gz
2013-05-29,/pbstore/groupfs/bpa/legacy/melanoma/raw/ramaciotti/7965_UNSW_C1PH5ACXX/METADATA
2013-05-29,/pbstore/groupfs/bpa/legacy/melanoma/raw/ramaciotti/7965_UNSW_C1PH5ACXX/checksums.md5
2013-06-18,/pbstore/groupfs/bpa/legacy/melanoma/raw/ramaciotti/7965_UNSW_D1VW8ACXX/7965_UNSW_D1VW8ACXX_NoIndex_L002_R1_001.fastq.gz
2013-06-18,/pbstore/groupfs/bpa/legacy/melanoma/raw/ramaciotti/7965_UNSW_D1VW8ACXX/7965_UNSW_D1VW8ACXX_NoIndex_L002_R2_001.fastq.gz
2013-06-18,/pbstore/groupfs/bpa/legacy/melanoma/raw/ramaciotti/7965_UNSW_D1VW8ACXX/7965_UNSW_D1VW8ACXX_NoIndex_L003_R1_001.fastq.gz
2013-06-18,/pbstore/groupfs/bpa/legacy/melanoma/raw/ramaciotti/7965_UNSW_D1VW8ACXX/7965_UNSW_D1VW8ACXX_NoIndex_L003_R2_001.fastq.gz
2013-06-18,/pbstore/groupfs/bpa/legacy/melanoma/raw/ramaciotti/7965_UNSW_D1VW8ACXX/METADATA
2013-06-18,/pbstore/groupfs/bpa/legacy/melanoma/raw/ramaciotti/7965_UNSW_D1VW8ACXX/checksums.md5
2013-05-20,/pbstore/groupfs/bpa/legacy/melanoma/raw/ramaciotti/7966_UNSW_C1P7UACXX/7966_UNSW_C1P7UACXX_NoIndex_L003_R1_001.fastq.gz
2013-05-20,/pbstore/groupfs/bpa/legacy/melanoma/raw/ramaciotti/7966_UNSW_C1P7UACXX/7966_UNSW_C1P7UACXX_NoIndex_L003_R2_001.fastq.gz
2013-05-20,/pbstore/groupfs/bpa/legacy/melanoma/raw/ramaciotti/7966_UNSW_C1P7UACXX/7966_UNSW_C1P7UACXX_NoIndex_L004_R1_001.fastq.gz
2013-05-20,/pbstore/groupfs/bpa/legacy/melanoma/raw/ramaciotti/7966_UNSW_C1P7UACXX/7966_UNSW_C1P7UACXX_NoIndex_L004_R2_001.fastq.gz
2013-05-20,/pbstore/groupfs/bpa/legacy/melanoma/raw/ramaciotti/7966_UNSW_C1P7UACXX/METADATA
2013-05-20,/pbstore/groupfs/bpa/legacy/melanoma/raw/ramaciotti/7966_UNSW_C1P7UACXX/checksums.cortex.md5
2013-05-20,/pbstore/groupfs/bpa/legacy/melanoma/raw/ramaciotti/7966_UNSW_C1P7UACXX/checksums.md5
2013-05-29,/pbstore/groupfs/bpa/legacy/melanoma/raw/ramaciotti/7966_UNSW_C1PH5ACXX/7966_UNSW_C1PH5ACXX_NoIndex_L008_R1_001.fastq.gz
2013-05-29,/pbstore/groupfs/bpa/legacy/melanoma/raw/ramaciotti/7966_UNSW_C1PH5ACXX/7966_UNSW_C1PH5ACXX_NoIndex_L008_R2_001.fastq.gz
2013-05-29,/pbstore/groupfs/bpa/legacy/melanoma/raw/ramaciotti/7966_UNSW_C1PH5ACXX/METADATA
2013-05-29,/pbstore/groupfs/bpa/legacy/melanoma/raw/ramaciotti/7966_UNSW_C1PH5ACXX/checksums.md5
2013-06-18,/pbstore/groupfs/bpa/legacy/melanoma/raw/ramaciotti/7966_UNSW_D1VW8ACXX/7966_UNSW_D1VW8ACXX_NoIndex_L004_R1_001.fastq.gz
2013-06-18,/pbstore/groupfs/bpa/legacy/melanoma/raw/ramaciotti/7966_UNSW_D1VW8ACXX/7966_UNSW_D1VW8ACXX_NoIndex_L004_R2_001.fastq.gz
2013-06-18,/pbstore/groupfs/bpa/legacy/melanoma/raw/ramaciotti/7966_UNSW_D1VW8ACXX/7966_UNSW_D1VW8ACXX_NoIndex_L005_R1_001.fastq.gz
2013-06-18,/pbstore/groupfs/bpa/legacy/melanoma/raw/ramaciotti/7966_UNSW_D1VW8ACXX/7966_UNSW_D1VW8ACXX_NoIndex_L005_R2_001.fastq.gz
2013-06-18,/pbstore/groupfs/bpa/legacy/melanoma/raw/ramaciotti/7966_UNSW_D1VW8ACXX/METADATA
2013-06-18,/pbstore/groupfs/bpa/legacy/melanoma/raw/ramaciotti/7966_UNSW_D1VW8ACXX/checksums.md5
2013-05-14,/pbstore/groupfs/bpa/legacy/melanoma/raw/ramaciotti/7966_UNSW_D1YJHACXX/7966_UNSW_D1YJHACXX_NoIndex_L001_R1_001.fastq.gz
2013-05-14,/pbstore/groupfs/bpa/legacy/melanoma/raw/ramaciotti/7966_UNSW_D1YJHACXX/7966_UNSW_D1YJHACXX_NoIndex_L001_R2_001.fastq.gz
2013-05-14,/pbstore/groupfs/bpa/legacy/melanoma/raw/ramaciotti/7966_UNSW_D1YJHACXX/METADATA
2013-05-14,/pbstore/groupfs/bpa/legacy/melanoma/raw/ramaciotti/7966_UNSW_D1YJHACXX/checksums.cortex.md5
2013-05-14,/pbstore/groupfs/bpa/legacy/melanoma/raw/ramaciotti/7966_UNSW_D1YJHACXX/checksums.md5
2013-05-14,/pbstore/groupfs/bpa/legacy/melanoma/raw/ramaciotti/7966_UNSW_D20J8ACXX/7966_UNSW_D20J8ACXX_NoIndex_L001_R1_001.fastq.gz
2013-05-14,/pbstore/groupfs/bpa/legacy/melanoma/raw/ramaciotti/7966_UNSW_D20J8ACXX/7966_UNSW_D20J8ACXX_NoIndex_L001_R2_001.fastq.gz
2013-05-14,/pbstore/groupfs/bpa/legacy/melanoma/raw/ramaciotti/7966_UNSW_D20J8ACXX/METADATA
2013-05-14,/pbstore/groupfs/bpa/legacy/melanoma/raw/ramaciotti/7966_UNSW_D20J8ACXX/checksums.cortex.md5
2013-05-14,/pbstore/groupfs/bpa/legacy/melanoma/raw/ramaciotti/7966_UNSW_D20J8ACXX/checksums.md5
2013-05-20,/pbstore/groupfs/bpa/legacy/melanoma/raw/ramaciotti/7967_UNSW_C1P7UACXX/7967_UNSW_C1P7UACXX_NoIndex_L005_R1_001.fastq.gz
2013-05-20,/pbstore/groupfs/bpa/legacy/melanoma/raw/ramaciotti/7967_UNSW_C1P7UACXX/7967_UNSW_C1P7UACXX_NoIndex_L005_R2_001.fastq.gz
2013-05-20,/pbstore/groupfs/bpa/legacy/melanoma/raw/ramaciotti/7967_UNSW_C1P7UACXX/METADATA
2013-05-20,/pbstore/groupfs/bpa/legacy/melanoma/raw/ramaciotti/7967_UNSW_C1P7UACXX/checksums.cortex.md5
2013-05-20,/pbstore/groupfs/bpa/legacy/melanoma/raw/ramaciotti/7967_UNSW_C1P7UACXX/checksums.md5
2013-06-18,/pbstore/groupfs/bpa/legacy/melanoma/raw/ramaciotti/7967_UNSW_D1VW8ACXX/7967_UNSW_D1VW8ACXX_NoIndex_L007_R1_001.fastq.gz
2013-06-18,/pbstore/groupfs/bpa/legacy/melanoma/raw/ramaciotti/7967_UNSW_D1VW8ACXX/7967_UNSW_D1VW8ACXX_NoIndex_L007_R2_001.fastq.gz
2013-06-18,/pbstore/groupfs/bpa/legacy/melanoma/raw/ramaciotti/7967_UNSW_D1VW8ACXX/7967_UNSW_D1VW8ACXX_NoIndex_L008_R1_001.fastq.gz
2013-06-18,/pbstore/groupfs/bpa/legacy/melanoma/raw/ramaciotti/7967_UNSW_D1VW8ACXX/7967_UNSW_D1VW8ACXX_NoIndex_L008_R2_001.fastq.gz
2013-06-18,/pbstore/groupfs/bpa/legacy/melanoma/raw/ramaciotti/7967_UNSW_D1VW8ACXX/METADATA
2013-06-18,/pbstore/groupfs/bpa/legacy/melanoma/raw/ramaciotti/7967_UNSW_D1VW8ACXX/checksums.md5
2013-05-27,/pbstore/groupfs/bpa/legacy/melanoma/raw/ramaciotti/7967_UNSW_D1WUGACXX/7967_UNSW_D1WUGACXX_NoIndex_L001_R1_001.fastq.gz
2013-05-27,/pbstore/groupfs/bpa/legacy/melanoma/raw/ramaciotti/7967_UNSW_D1WUGACXX/7967_UNSW_D1WUGACXX_NoIndex_L001_R2_001.fastq.gz
2013-05-27,/pbstore/groupfs/bpa/legacy/melanoma/raw/ramaciotti/7967_UNSW_D1WUGACXX/METADATA
2013-05-27,/pbstore/groupfs/bpa/legacy/melanoma/raw/ramaciotti/7967_UNSW_D1WUGACXX/checksums.cortex.md5
2013-05-27,/pbstore/groupfs/bpa/legacy/melanoma/raw/ramaciotti/7967_UNSW_D1WUGACXX/checksums.md5
2013-05-20,/pbstore/groupfs/bpa/legacy/melanoma/raw/ramaciotti/7974_UNSW_C1P7UACXX/7974_UNSW_C1P7UACXX_NoIndex_L006_R1_001.fastq.gz
2013-05-20,/pbstore/groupfs/bpa/legacy/melanoma/raw/ramaciotti/7974_UNSW_C1P7UACXX/7974_UNSW_C1P7UACXX_NoIndex_L006_R2_001.fastq.gz
2013-05-20,/pbstore/groupfs/bpa/legacy/melanoma/raw/ramaciotti/7974_UNSW_C1P7UACXX/METADATA
2013-05-20,/pbstore/groupfs/bpa/legacy/melanoma/raw/ramaciotti/7974_UNSW_C1P7UACXX/checksums.cortex.md5
2013-05-20,/pbstore/groupfs/bpa/legacy/melanoma/raw/ramaciotti/7974_UNSW_C1P7UACXX/checksums.md5
2013-04-09,/pbstore/groupfs/bpa/legacy/melanoma/raw/ramaciotti/7974_UNSW_D1WD0ACXX/7974_UNSW_D1WD0ACXX_NoIndex_L004_R1_001.fastq.gz
2013-04-09,/pbstore/groupfs/bpa/legacy/melanoma/raw/ramaciotti/7974_UNSW_D1WD0ACXX/7974_UNSW_D1WD0ACXX_NoIndex_L004_R2_001.fastq.gz
2013-04-09,/pbstore/groupfs/bpa/legacy/melanoma/raw/ramaciotti/7974_UNSW_D1WD0ACXX/METADATA
2013-04-09,/pbstore/groupfs/bpa/legacy/melanoma/raw/ramaciotti/7974_UNSW_D1WD0ACXX/checksums.cortex.md5
2013-04-09,/pbstore/groupfs/bpa/legacy/melanoma/raw/ramaciotti/7974_UNSW_D1WD0ACXX/checksums.md5
2013-05-27,/pbstore/groupfs/bpa/legacy/melanoma/raw/ramaciotti/7974_UNSW_D1WRMACXX/7974_UNSW_D1WRMACXX_NoIndex_L001_R1_001.fastq.gz
2013-05-27,/pbstore/groupfs/bpa/legacy/melanoma/raw/ramaciotti/7974_UNSW_D1WRMACXX/7974_UNSW_D1WRMACXX_NoIndex_L001_R2_001.fastq.gz
2013-05-27,/pbstore/groupfs/bpa/legacy/melanoma/raw/ramaciotti/7974_UNSW_D1WRMACXX/7974_UNSW_D1WRMACXX_NoIndex_L002_R1_001.fastq.gz
2013-05-27,/pbstore/groupfs/bpa/legacy/melanoma/raw/ramaciotti/7974_UNSW_D1WRMACXX/7974_UNSW_D1WRMACXX_NoIndex_L002_R2_001.fastq.gz
2013-05-27,/pbstore/groupfs/bpa/legacy/melanoma/raw/ramaciotti/7974_UNSW_D1WRMACXX/METADATA
2013-05-28,/pbstore/groupfs/bpa/legacy/melanoma/raw/ramaciotti/7974_UNSW_D1WRMACXX/checksums.cortex.md5
2013-05-27,/pbstore/groupfs/bpa/legacy/melanoma/raw/ramaciotti/7974_UNSW_D1WRMACXX/checksums.md5
2013-05-27,/pbstore/groupfs/bpa/legacy/melanoma/raw/ramaciotti/7974_UNSW_D1WUGACXX/7974_UNSW_D1WUGACXX_NoIndex_L002_R1_001.fastq.gz
2013-05-27,/pbstore/groupfs/bpa/legacy/melanoma/raw/ramaciotti/7974_UNSW_D1WUGACXX/7974_UNSW_D1WUGACXX_NoIndex_L002_R2_001.fastq.gz
2013-05-27,/pbstore/groupfs/bpa/legacy/melanoma/raw/ramaciotti/7974_UNSW_D1WUGACXX/7974_UNSW_D1WUGACXX_NoIndex_L003_R1_001.fastq.gz
2013-05-27,/pbstore/groupfs/bpa/legacy/melanoma/raw/ramaciotti/7974_UNSW_D1WUGACXX/7974_UNSW_D1WUGACXX_NoIndex_L003_R2_001.fastq.gz
2013-05-27,/pbstore/groupfs/bpa/legacy/melanoma/raw/ramaciotti/7974_UNSW_D1WUGACXX/METADATA
2013-05-28,/pbstore/groupfs/bpa/legacy/melanoma/raw/ramaciotti/7974_UNSW_D1WUGACXX/checksums.cortex.md5
2013-05-27,/pbstore/groupfs/bpa/legacy/melanoma/raw/ramaciotti/7974_UNSW_D1WUGACXX/checksums.md5
2013-05-27,/pbstore/groupfs/bpa/legacy/melanoma/raw/ramaciotti/7975_UNSW_D20JCACXX/7975_UNSW_D20JCACXX_NoIndex_L001_R1_001.fastq.gz
2013-05-27,/pbstore/groupfs/bpa/legacy/melanoma/raw/ramaciotti/7975_UNSW_D20JCACXX/7975_UNSW_D20JCACXX_NoIndex_L001_R2_001.fastq.gz
2013-05-27,/pbstore/groupfs/bpa/legacy/melanoma/raw/ramaciotti/7975_UNSW_D20JCACXX/METADATA
2013-05-28,/pbstore/groupfs/bpa/legacy/melanoma/raw/ramaciotti/7975_UNSW_D20JCACXX/checksums.cortex.md5
2013-05-27,/pbstore/groupfs/bpa/legacy/melanoma/raw/ramaciotti/7975_UNSW_D20JCACXX/checksums.md5
2013-05-27,/pbstore/groupfs/bpa/legacy/melanoma/raw/ramaciotti/8019_UNSW_D1WRMACXX/8019_UNSW_D1WRMACXX_NoIndex_L003_R1_001.fastq.gz
2013-05-27,/pbstore/groupfs/bpa/legacy/melanoma/raw/ramaciotti/8019_UNSW_D1WRMACXX/8019_UNSW_D1WRMACXX_NoIndex_L003_R2_001.fastq.gz
2013-05-27,/pbstore/groupfs/bpa/legacy/melanoma/raw/ramaciotti/8019_UNSW_D1WRMACXX/METADATA
2013-05-28,/pbstore/groupfs/bpa/legacy/melanoma/raw/ramaciotti/8019_UNSW_D1WRMACXX/checksums.cortex.md5
2013-05-27,/pbstore/groupfs/bpa/legacy/melanoma/raw/ramaciotti/8019_UNSW_D1WRMACXX/checksums.md5
2013-05-14,/pbstore/groupfs/bpa/legacy/melanoma/raw/ramaciotti/8019_UNSW_D20J8ACXX/8019_UNSW_D20J8ACXX_NoIndex_L002_R1_001.fastq.gz
2013-05-14,/pbstore/groupfs/bpa/legacy/melanoma/raw/ramaciotti/8019_UNSW_D20J8ACXX/8019_UNSW_D20J8ACXX_NoIndex_L002_R2_001.fastq.gz
2013-05-14,/pbstore/groupfs/bpa/legacy/melanoma/raw/ramaciotti/8019_UNSW_D20J8ACXX/8019_UNSW_D20J8ACXX_NoIndex_L003_R1_001.fastq.gz
2013-05-14,/pbstore/groupfs/bpa/legacy/melanoma/raw/ramaciotti/8019_UNSW_D20J8ACXX/8019_UNSW_D20J8ACXX_NoIndex_L003_R2_001.fastq.gz
2013-05-14,/pbstore/groupfs/bpa/legacy/melanoma/raw/ramaciotti/8019_UNSW_D20J8ACXX/METADATA
2013-05-14,/pbstore/groupfs/bpa/legacy/melanoma/raw/ramaciotti/8019_UNSW_D20J8ACXX/checksums.cortex.md5
2013-05-14,/pbstore/groupfs/bpa/legacy/melanoma/raw/ramaciotti/8019_UNSW_D20J8ACXX/checksums.md5
2013-05-27,/pbstore/groupfs/bpa/legacy/melanoma/raw/ramaciotti/8020_UNSW_D1WRMACXX/8020_UNSW_D1WRMACXX_NoIndex_L004_R1_001.fastq.gz
2013-05-27,/pbstore/groupfs/bpa/legacy/melanoma/raw/ramaciotti/8020_UNSW_D1WRMACXX/8020_UNSW_D1WRMACXX_NoIndex_L004_R2_001.fastq.gz
2013-05-27,/pbstore/groupfs/bpa/legacy/melanoma/raw/ramaciotti/8020_UNSW_D1WRMACXX/METADATA
2013-05-28,/pbstore/groupfs/bpa/legacy/melanoma/raw/ramaciotti/8020_UNSW_D1WRMACXX/checksums.cortex.md5
2013-05-27,/pbstore/groupfs/bpa/legacy/melanoma/raw/ramaciotti/8020_UNSW_D1WRMACXX/checksums.md5
2013-05-20,/pbstore/groupfs/bpa/legacy/melanoma/raw/ramaciotti/8020_UNSW_D1YYVACXX/8020_UNSW_D1YYVACXX_NoIndex_L004_R1_001.fastq.gz
2013-05-20,/pbstore/groupfs/bpa/legacy/melanoma/raw/ramaciotti/8020_UNSW_D1YYVACXX/8020_UNSW_D1YYVACXX_NoIndex_L004_R2_001.fastq.gz
2013-05-20,/pbstore/groupfs/bpa/legacy/melanoma/raw/ramaciotti/8020_UNSW_D1YYVACXX/8020_UNSW_D1YYVACXX_NoIndex_L005_R1_001.fastq.gz
2013-05-20,/pbstore/groupfs/bpa/legacy/melanoma/raw/ramaciotti/8020_UNSW_D1YYVACXX/8020_UNSW_D1YYVACXX_NoIndex_L005_R2_001.fastq.gz
2013-05-20,/pbstore/groupfs/bpa/legacy/melanoma/raw/ramaciotti/8020_UNSW_D1YYVACXX/8020_UNSW_D1YYVACXX_NoIndex_L006_R1_001.fastq.gz
2013-05-20,/pbstore/groupfs/bpa/legacy/melanoma/raw/ramaciotti/8020_UNSW_D1YYVACXX/8020_UNSW_D1YYVACXX_NoIndex_L006_R2_001.fastq.gz
2013-05-20,/pbstore/groupfs/bpa/legacy/melanoma/raw/ramaciotti/8020_UNSW_D1YYVACXX/METADATA
2013-05-20,/pbstore/groupfs/bpa/legacy/melanoma/raw/ramaciotti/8020_UNSW_D1YYVACXX/checksums.cortex.md5
2013-05-20,/pbstore/groupfs/bpa/legacy/melanoma/raw/ramaciotti/8020_UNSW_D1YYVACXX/checksums.md5
2013-05-14,/pbstore/groupfs/bpa/legacy/melanoma/raw/ramaciotti/8020_UNSW_D20J8ACXX/8020_UNSW_D20J8ACXX_NoIndex_L004_R1_001.fastq.gz
2013-05-14,/pbstore/groupfs/bpa/legacy/melanoma/raw/ramaciotti/8020_UNSW_D20J8ACXX/8020_UNSW_D20J8ACXX_NoIndex_L004_R2_001.fastq.gz
2013-05-14,/pbstore/groupfs/bpa/legacy/melanoma/raw/ramaciotti/8020_UNSW_D20J8ACXX/8020_UNSW_D20J8ACXX_NoIndex_L005_R1_001.fastq.gz
2013-05-14,/pbstore/groupfs/bpa/legacy/melanoma/raw/ramaciotti/8020_UNSW_D20J8ACXX/8020_UNSW_D20J8ACXX_NoIndex_L005_R2_001.fastq.gz
2013-05-14,/pbstore/groupfs/bpa/legacy/melanoma/raw/ramaciotti/8020_UNSW_D20J8ACXX/METADATA
2013-05-14,/pbstore/groupfs/bpa/legacy/melanoma/raw/ramaciotti/8020_UNSW_D20J8ACXX/checksums.cortex.md5
2013-05-14,/pbstore/groupfs/bpa/legacy/melanoma/raw/ramaciotti/8020_UNSW_D20J8ACXX/checksums.md5
2013-05-27,/pbstore/groupfs/bpa/legacy/melanoma/raw/ramaciotti/8021_UNSW_D1WRMACXX/8021_UNSW_D1WRMACXX_NoIndex_L005_R1_001.fastq.gz
2013-05-27,/pbstore/groupfs/bpa/legacy/melanoma/raw/ramaciotti/8021_UNSW_D1WRMACXX/8021_UNSW_D1WRMACXX_NoIndex_L005_R2_001.fastq.gz
2013-05-27,/pbstore/groupfs/bpa/legacy/melanoma/raw/ramaciotti/8021_UNSW_D1WRMACXX/METADATA
2013-05-28,/pbstore/groupfs/bpa/legacy/melanoma/raw/ramaciotti/8021_UNSW_D1WRMACXX/checksums.cortex.md5
2013-05-27,/pbstore/groupfs/bpa/legacy/melanoma/raw/ramaciotti/8021_UNSW_D1WRMACXX/checksums.md5
2013-05-20,/pbstore/groupfs/bpa/legacy/melanoma/raw/ramaciotti/8021_UNSW_D20J8ACXX/8021_UNSW_D20J8ACXX_NoIndex_L006_R1_001.fastq.gz
2013-05-20,/pbstore/groupfs/bpa/legacy/melanoma/raw/ramaciotti/8021_UNSW_D20J8ACXX/8021_UNSW_D20J8ACXX_NoIndex_L006_R2_001.fastq.gz
2013-05-20,/pbstore/groupfs/bpa/legacy/melanoma/raw/ramaciotti/8021_UNSW_D20J8ACXX/8021_UNSW_D20J8ACXX_NoIndex_L007_R1_001.fastq.gz
2013-05-20,/pbstore/groupfs/bpa/legacy/melanoma/raw/ramaciotti/8021_UNSW_D20J8ACXX/8021_UNSW_D20J8ACXX_NoIndex_L007_R2_001.fastq.gz
2013-05-20,/pbstore/groupfs/bpa/legacy/melanoma/raw/ramaciotti/8021_UNSW_D20J8ACXX/8021_UNSW_D20J8ACXX_NoIndex_L008_R1_001.fastq.gz
2013-05-20,/pbstore/groupfs/bpa/legacy/melanoma/raw/ramaciotti/8021_UNSW_D20J8ACXX/8021_UNSW_D20J8ACXX_NoIndex_L008_R2_001.fastq.gz
2013-05-20,/pbstore/groupfs/bpa/legacy/melanoma/raw/ramaciotti/8021_UNSW_D20J8ACXX/METADATA
2013-05-20,/pbstore/groupfs/bpa/legacy/melanoma/raw/ramaciotti/8021_UNSW_D20J8ACXX/checksums.cortex.md5
2013-05-20,/pbstore/groupfs/bpa/legacy/melanoma/raw/ramaciotti/8021_UNSW_D20J8ACXX/checksums.md5
2013-05-20,/pbstore/groupfs/bpa/legacy/melanoma/raw/ramaciotti/8025_UNSW_C1DTBACXX/8025_UNSW_C1DTBACXX_NoIndex_L001_R1_001.fastq.gz
2013-05-20,/pbstore/groupfs/bpa/legacy/melanoma/raw/ramaciotti/8025_UNSW_C1DTBACXX/8025_UNSW_C1DTBACXX_NoIndex_L001_R2_001.fastq.gz
2013-05-20,/pbstore/groupfs/bpa/legacy/melanoma/raw/ramaciotti/8025_UNSW_C1DTBACXX/METADATA
2013-05-20,/pbstore/groupfs/bpa/legacy/melanoma/raw/ramaciotti/8025_UNSW_C1DTBACXX/checksums.cortex.md5
2013-05-20,/pbstore/groupfs/bpa/legacy/melanoma/raw/ramaciotti/8025_UNSW_C1DTBACXX/checksums.md5
2013-06-04,/pbstore/groupfs/bpa/legacy/melanoma/raw/ramaciotti/8025_UNSW_C1K64ACXX/8025_UNSW_C1K64ACXX_NoIndex_L003_R1_001.fastq.gz
2013-06-04,/pbstore/groupfs/bpa/legacy/melanoma/raw/ramaciotti/8025_UNSW_C1K64ACXX/8025_UNSW_C1K64ACXX_NoIndex_L003_R2_001.fastq.gz
2013-06-04,/pbstore/groupfs/bpa/legacy/melanoma/raw/ramaciotti/8025_UNSW_C1K64ACXX/METADATA
2013-06-04,/pbstore/groupfs/bpa/legacy/melanoma/raw/ramaciotti/8025_UNSW_C1K64ACXX/checksums.md5
2013-05-14,/pbstore/groupfs/bpa/legacy/melanoma/raw/ramaciotti/8025_UNSW_D1KW0ACXX/8025_UNSW_D1KW0ACXX_NoIndex_L001_R1_001.fastq.gz
2013-05-14,/pbstore/groupfs/bpa/legacy/melanoma/raw/ramaciotti/8025_UNSW_D1KW0ACXX/8025_UNSW_D1KW0ACXX_NoIndex_L001_R2_001.fastq.gz
2013-05-14,/pbstore/groupfs/bpa/legacy/melanoma/raw/ramaciotti/8025_UNSW_D1KW0ACXX/METADATA
2013-05-14,/pbstore/groupfs/bpa/legacy/melanoma/raw/ramaciotti/8025_UNSW_D1KW0ACXX/checksums.cortex.md5
2013-05-14,/pbstore/groupfs/bpa/legacy/melanoma/raw/ramaciotti/8025_UNSW_D1KW0ACXX/checksums.md5
2013-05-14,/pbstore/groupfs/bpa/legacy/melanoma/raw/ramaciotti/8025_UNSW_D1PMMACXX/8025_UNSW_D1PMMACXX_NoIndex_L001_R1_001.fastq.gz
2013-05-14,/pbstore/groupfs/bpa/legacy/melanoma/raw/ramaciotti/8025_UNSW_D1PMMACXX/8025_UNSW_D1PMMACXX_NoIndex_L001_R2_001.fastq.gz
2013-05-14,/pbstore/groupfs/bpa/legacy/melanoma/raw/ramaciotti/8025_UNSW_D1PMMACXX/METADATA
2013-05-14,/pbstore/groupfs/bpa/legacy/melanoma/raw/ramaciotti/8025_UNSW_D1PMMACXX/checksums.cortex.md5
2013-05-14,/pbstore/groupfs/bpa/legacy/melanoma/raw/ramaciotti/8025_UNSW_D1PMMACXX/checksums.md5
2013-05-20,/pbstore/groupfs/bpa/legacy/melanoma/raw/ramaciotti/8026_UNSW_C1DTBACXX/8026_UNSW_C1DTBACXX_NoIndex_L002_R1_001.fastq.gz
2013-05-20,/pbstore/groupfs/bpa/legacy/melanoma/raw/ramaciotti/8026_UNSW_C1DTBACXX/8026_UNSW_C1DTBACXX_NoIndex_L002_R2_001.fastq.gz
2013-05-20,/pbstore/groupfs/bpa/legacy/melanoma/raw/ramaciotti/8026_UNSW_C1DTBACXX/METADATA
2013-05-20,/pbstore/groupfs/bpa/legacy/melanoma/raw/ramaciotti/8026_UNSW_C1DTBACXX/checksums.cortex.md5
2013-05-20,/pbstore/groupfs/bpa/legacy/melanoma/raw/ramaciotti/8026_UNSW_C1DTBACXX/checksums.md5
2013-06-04,/pbstore/groupfs/bpa/legacy/melanoma/raw/ramaciotti/8026_UNSW_C1K64ACXX/8026_UNSW_C1K64ACXX_NoIndex_L004_R1_001.fastq.gz
2013-06-04,/pbstore/groupfs/bpa/legacy/melanoma/raw/ramaciotti/8026_UNSW_C1K64ACXX/8026_UNSW_C1K64ACXX_NoIndex_L004_R2_001.fastq.gz
2013-06-04,/pbstore/groupfs/bpa/legacy/melanoma/raw/ramaciotti/8026_UNSW_C1K64ACXX/8026_UNSW_C1K64ACXX_NoIndex_L005_R1_001.fastq.gz
2013-06-04,/pbstore/groupfs/bpa/legacy/melanoma/raw/ramaciotti/8026_UNSW_C1K64ACXX/8026_UNSW_C1K64ACXX_NoIndex_L005_R2_001.fastq.gz
2013-06-04,/pbstore/groupfs/bpa/legacy/melanoma/raw/ramaciotti/8026_UNSW_C1K64ACXX/8026_UNSW_C1K64ACXX_NoIndex_L006_R1_001.fastq.gz
2013-06-04,/pbstore/groupfs/bpa/legacy/melanoma/raw/ramaciotti/8026_UNSW_C1K64ACXX/8026_UNSW_C1K64ACXX_NoIndex_L006_R2_001.fastq.gz
2013-06-04,/pbstore/groupfs/bpa/legacy/melanoma/raw/ramaciotti/8026_UNSW_C1K64ACXX/METADATA
2013-06-04,/pbstore/groupfs/bpa/legacy/melanoma/raw/ramaciotti/8026_UNSW_C1K64ACXX/checksums.md5
2013-05-21,/pbstore/groupfs/bpa/legacy/melanoma/raw/ramaciotti/8027_UNSW_C1DTBACXX/8027_UNSW_C1DTBACXX_NoIndex_L003_R1_001.fastq.gz
2013-05-21,/pbstore/groupfs/bpa/legacy/melanoma/raw/ramaciotti/8027_UNSW_C1DTBACXX/8027_UNSW_C1DTBACXX_NoIndex_L003_R2_001.fastq.gz
2013-05-21,/pbstore/groupfs/bpa/legacy/melanoma/raw/ramaciotti/8027_UNSW_C1DTBACXX/METADATA
2013-05-21,/pbstore/groupfs/bpa/legacy/melanoma/raw/ramaciotti/8027_UNSW_C1DTBACXX/checksums.cortex.md5
2013-05-21,/pbstore/groupfs/bpa/legacy/melanoma/raw/ramaciotti/8027_UNSW_C1DTBACXX/checksums.md5
2013-05-14,/pbstore/groupfs/bpa/legacy/melanoma/raw/ramaciotti/8027_UNSW_C1F30ACXX/8027_UNSW_C1F30ACXX_NoIndex_L001_R1_001.fastq.gz
2013-05-14,/pbstore/groupfs/bpa/legacy/melanoma/raw/ramaciotti/8027_UNSW_C1F30ACXX/8027_UNSW_C1F30ACXX_NoIndex_L001_R2_001.fastq.gz
2013-05-14,/pbstore/groupfs/bpa/legacy/melanoma/raw/ramaciotti/8027_UNSW_C1F30ACXX/8027_UNSW_C1F30ACXX_NoIndex_L002_R1_001.fastq.gz
2013-05-14,/pbstore/groupfs/bpa/legacy/melanoma/raw/ramaciotti/8027_UNSW_C1F30ACXX/8027_UNSW_C1F30ACXX_NoIndex_L002_R2_001.fastq.gz
2013-05-14,/pbstore/groupfs/bpa/legacy/melanoma/raw/ramaciotti/8027_UNSW_C1F30ACXX/8027_UNSW_C1F30ACXX_NoIndex_L003_R1_001.fastq.gz
2013-05-14,/pbstore/groupfs/bpa/legacy/melanoma/raw/ramaciotti/8027_UNSW_C1F30ACXX/8027_UNSW_C1F30ACXX_NoIndex_L003_R2_001.fastq.gz
2013-05-14,/pbstore/groupfs/bpa/legacy/melanoma/raw/ramaciotti/8027_UNSW_C1F30ACXX/METADATA
2013-05-14,/pbstore/groupfs/bpa/legacy/melanoma/raw/ramaciotti/8027_UNSW_C1F30ACXX/checksums.cortex.md5
2013-05-14,/pbstore/groupfs/bpa/legacy/melanoma/raw/ramaciotti/8027_UNSW_C1F30ACXX/checksums.md5
2013-06-04,/pbstore/groupfs/bpa/legacy/melanoma/raw/ramaciotti/8028_UNSW_C1K64ACXX/8028_UNSW_C1K64ACXX_NoIndex_L007_R1_001.fastq.gz
2013-06-04,/pbstore/groupfs/bpa/legacy/melanoma/raw/ramaciotti/8028_UNSW_C1K64ACXX/8028_UNSW_C1K64ACXX_NoIndex_L007_R2_001.fastq.gz
2013-06-04,/pbstore/groupfs/bpa/legacy/melanoma/raw/ramaciotti/8028_UNSW_C1K64ACXX/METADATA
2013-06-04,/pbstore/groupfs/bpa/legacy/melanoma/raw/ramaciotti/8028_UNSW_C1K64ACXX/checksums.md5
2013-05-29,/pbstore/groupfs/bpa/legacy/melanoma/raw/ramaciotti/8028_UNSW_C23WEACXX/8028_UNSW_C23WEACXX_NoIndex_L008_R1_001.fastq.gz
2013-05-29,/pbstore/groupfs/bpa/legacy/melanoma/raw/ramaciotti/8028_UNSW_C23WEACXX/8028_UNSW_C23WEACXX_NoIndex_L008_R2_001.fastq.gz
2013-05-29,/pbstore/groupfs/bpa/legacy/melanoma/raw/ramaciotti/8028_UNSW_C23WEACXX/METADATA
2013-05-29,/pbstore/groupfs/bpa/legacy/melanoma/raw/ramaciotti/8028_UNSW_C23WEACXX/checksums.md5
2013-06-04,/pbstore/groupfs/bpa/legacy/melanoma/raw/ramaciotti/8028_UNSW_D1PMMACXX/8028_UNSW_D1PMMACXX_NoIndex_L002_R1_001.fastq.gz
2013-06-04,/pbstore/groupfs/bpa/legacy/melanoma/raw/ramaciotti/8028_UNSW_D1PMMACXX/8028_UNSW_D1PMMACXX_NoIndex_L002_R2_001.fastq.gz
2013-06-04,/pbstore/groupfs/bpa/legacy/melanoma/raw/ramaciotti/8028_UNSW_D1PMMACXX/8028_UNSW_D1PMMACXX_NoIndex_L003_R1_001.fastq.gz
2013-06-04,/pbstore/groupfs/bpa/legacy/melanoma/raw/ramaciotti/8028_UNSW_D1PMMACXX/8028_UNSW_D1PMMACXX_NoIndex_L003_R2_001.fastq.gz
2013-06-04,/pbstore/groupfs/bpa/legacy/melanoma/raw/ramaciotti/8028_UNSW_D1PMMACXX/8028_UNSW_D1PMMACXX_NoIndex_L004_R1_001.fastq.gz
2013-06-04,/pbstore/groupfs/bpa/legacy/melanoma/raw/ramaciotti/8028_UNSW_D1PMMACXX/8028_UNSW_D1PMMACXX_NoIndex_L004_R2_001.fastq.gz
2013-06-04,/pbstore/groupfs/bpa/legacy/melanoma/raw/ramaciotti/8028_UNSW_D1PMMACXX/METADATA
2013-06-04,/pbstore/groupfs/bpa/legacy/melanoma/raw/ramaciotti/8028_UNSW_D1PMMACXX/checksums.md5
2013-05-14,/pbstore/groupfs/bpa/legacy/melanoma/raw/ramaciotti/8029_UNSW_C1JF9ACXX/8029_UNSW_C1JF9ACXX_NoIndex_L001_R1_001.fastq.gz
2013-05-14,/pbstore/groupfs/bpa/legacy/melanoma/raw/ramaciotti/8029_UNSW_C1JF9ACXX/8029_UNSW_C1JF9ACXX_NoIndex_L001_R2_001.fastq.gz
2013-05-14,/pbstore/groupfs/bpa/legacy/melanoma/raw/ramaciotti/8029_UNSW_C1JF9ACXX/8029_UNSW_C1JF9ACXX_NoIndex_L002_R1_001.fastq.gz
2013-05-14,/pbstore/groupfs/bpa/legacy/melanoma/raw/ramaciotti/8029_UNSW_C1JF9ACXX/8029_UNSW_C1JF9ACXX_NoIndex_L002_R2_001.fastq.gz
2013-05-14,/pbstore/groupfs/bpa/legacy/melanoma/raw/ramaciotti/8029_UNSW_C1JF9ACXX/8029_UNSW_C1JF9ACXX_NoIndex_L003_R1_001.fastq.gz
2013-05-14,/pbstore/groupfs/bpa/legacy/melanoma/raw/ramaciotti/8029_UNSW_C1JF9ACXX/8029_UNSW_C1JF9ACXX_NoIndex_L003_R2_001.fastq.gz
2013-05-14,/pbstore/groupfs/bpa/legacy/melanoma/raw/ramaciotti/8029_UNSW_C1JF9ACXX/METADATA
2013-05-14,/pbstore/groupfs/bpa/legacy/melanoma/raw/ramaciotti/8029_UNSW_C1JF9ACXX/checksums.cortex.md5
2013-05-14,/pbstore/groupfs/bpa/legacy/melanoma/raw/ramaciotti/8029_UNSW_C1JF9ACXX/checksums.md5
2013-06-04,/pbstore/groupfs/bpa/legacy/melanoma/raw/ramaciotti/8029_UNSW_C1K64ACXX/8029_UNSW_C1K64ACXX_NoIndex_L008_R1_001.fastq.gz
2013-06-04,/pbstore/groupfs/bpa/legacy/melanoma/raw/ramaciotti/8029_UNSW_C1K64ACXX/8029_UNSW_C1K64ACXX_NoIndex_L008_R2_001.fastq.gz
2013-06-04,/pbstore/groupfs/bpa/legacy/melanoma/raw/ramaciotti/8029_UNSW_C1K64ACXX/METADATA
2013-06-04,/pbstore/groupfs/bpa/legacy/melanoma/raw/ramaciotti/8029_UNSW_C1K64ACXX/checksums.md5
2013-05-14,/pbstore/groupfs/bpa/legacy/melanoma/raw/ramaciotti/8030_UNSW_C1F30ACXX/8030_UNSW_C1F30ACXX_NoIndex_L004_R1_001.fastq.gz
2013-05-14,/pbstore/groupfs/bpa/legacy/melanoma/raw/ramaciotti/8030_UNSW_C1F30ACXX/8030_UNSW_C1F30ACXX_NoIndex_L004_R2_001.fastq.gz
2013-05-14,/pbstore/groupfs/bpa/legacy/melanoma/raw/ramaciotti/8030_UNSW_C1F30ACXX/METADATA
2013-05-14,/pbstore/groupfs/bpa/legacy/melanoma/raw/ramaciotti/8030_UNSW_C1F30ACXX/checksums.cortex.md5
2013-05-14,/pbstore/groupfs/bpa/legacy/melanoma/raw/ramaciotti/8030_UNSW_C1F30ACXX/checksums.md5
2013-05-14,/pbstore/groupfs/bpa/legacy/melanoma/raw/ramaciotti/8030_UNSW_C1JF9ACXX/8030_UNSW_C1JF9ACXX_NoIndex_L004_R1_001.fastq.gz
2013-05-14,/pbstore/groupfs/bpa/legacy/melanoma/raw/ramaciotti/8030_UNSW_C1JF9ACXX/8030_UNSW_C1JF9ACXX_NoIndex_L004_R2_001.fastq.gz
2013-05-14,/pbstore/groupfs/bpa/legacy/melanoma/raw/ramaciotti/8030_UNSW_C1JF9ACXX/8030_UNSW_C1JF9ACXX_NoIndex_L005_R1_001.fastq.gz
2013-05-14,/pbstore/groupfs/bpa/legacy/melanoma/raw/ramaciotti/8030_UNSW_C1JF9ACXX/8030_UNSW_C1JF9ACXX_NoIndex_L005_R2_001.fastq.gz
2013-05-14,/pbstore/groupfs/bpa/legacy/melanoma/raw/ramaciotti/8030_UNSW_C1JF9ACXX/8030_UNSW_C1JF9ACXX_NoIndex_L006_R1_001.fastq.gz
2013-05-14,/pbstore/groupfs/bpa/legacy/melanoma/raw/ramaciotti/8030_UNSW_C1JF9ACXX/8030_UNSW_C1JF9ACXX_NoIndex_L006_R2_001.fastq.gz
2013-05-14,/pbstore/groupfs/bpa/legacy/melanoma/raw/ramaciotti/8030_UNSW_C1JF9ACXX/METADATA
2013-05-14,/pbstore/groupfs/bpa/legacy/melanoma/raw/ramaciotti/8030_UNSW_C1JF9ACXX/checksums.cortex.md5
2013-05-14,/pbstore/groupfs/bpa/legacy/melanoma/raw/ramaciotti/8030_UNSW_C1JF9ACXX/checksums.md5
2013-05-14,/pbstore/groupfs/bpa/legacy/melanoma/raw/ramaciotti/8031_UNSW_C1F30ACXX/8031_UNSW_C1F30ACXX_NoIndex_L005_R1_001.fastq.gz
2013-05-14,/pbstore/groupfs/bpa/legacy/melanoma/raw/ramaciotti/8031_UNSW_C1F30ACXX/8031_UNSW_C1F30ACXX_NoIndex_L005_R2_001.fastq.gz
2013-05-14,/pbstore/groupfs/bpa/legacy/melanoma/raw/ramaciotti/8031_UNSW_C1F30ACXX/METADATA
2013-05-14,/pbstore/groupfs/bpa/legacy/melanoma/raw/ramaciotti/8031_UNSW_C1F30ACXX/checksums.cortex.md5
2013-05-14,/pbstore/groupfs/bpa/legacy/melanoma/raw/ramaciotti/8031_UNSW_C1F30ACXX/checksums.md5
2013-04-02,/pbstore/groupfs/bpa/legacy/melanoma/raw/ramaciotti/8031_UNSW_D1PY3ACXX/8031_UNSW_D1PY3ACXX_NoIndex_L004_R1_001.fastq.gz
2013-04-02,/pbstore/groupfs/bpa/legacy/melanoma/raw/ramaciotti/8031_UNSW_D1PY3ACXX/8031_UNSW_D1PY3ACXX_NoIndex_L004_R2_001.fastq.gz
2013-04-02,/pbstore/groupfs/bpa/legacy/melanoma/raw/ramaciotti/8031_UNSW_D1PY3ACXX/8031_UNSW_D1PY3ACXX_NoIndex_L005_R1_001.fastq.gz
2013-04-02,/pbstore/groupfs/bpa/legacy/melanoma/raw/ramaciotti/8031_UNSW_D1PY3ACXX/8031_UNSW_D1PY3ACXX_NoIndex_L005_R2_001.fastq.gz
2013-04-02,/pbstore/groupfs/bpa/legacy/melanoma/raw/ramaciotti/8031_UNSW_D1PY3ACXX/8031_UNSW_D1PY3ACXX_NoIndex_L006_R1_001.fastq.gz
2013-04-02,/pbstore/groupfs/bpa/legacy/melanoma/raw/ramaciotti/8031_UNSW_D1PY3ACXX/8031_UNSW_D1PY3ACXX_NoIndex_L006_R2_001.fastq.gz
2013-04-02,/pbstore/groupfs/bpa/legacy/melanoma/raw/ramaciotti/8031_UNSW_D1PY3ACXX/METADATA
2013-04-02,/pbstore/groupfs/bpa/legacy/melanoma/raw/ramaciotti/8031_UNSW_D1PY3ACXX/checksums.cortex.md5
2013-04-02,/pbstore/groupfs/bpa/legacy/melanoma/raw/ramaciotti/8031_UNSW_D1PY3ACXX/checksums.md5
2013-05-14,/pbstore/groupfs/bpa/legacy/melanoma/raw/ramaciotti/8032_UNSW_C1F30ACXX/8032_UNSW_C1F30ACXX_NoIndex_L006_R1_001.fastq.gz
2013-05-14,/pbstore/groupfs/bpa/legacy/melanoma/raw/ramaciotti/8032_UNSW_C1F30ACXX/8032_UNSW_C1F30ACXX_NoIndex_L006_R2_001.fastq.gz
2013-05-14,/pbstore/groupfs/bpa/legacy/melanoma/raw/ramaciotti/8032_UNSW_C1F30ACXX/METADATA
2013-05-14,/pbstore/groupfs/bpa/legacy/melanoma/raw/ramaciotti/8032_UNSW_C1F30ACXX/checksums.cortex.md5
2013-05-14,/pbstore/groupfs/bpa/legacy/melanoma/raw/ramaciotti/8032_UNSW_C1F30ACXX/checksums.md5
2013-05-14,/pbstore/groupfs/bpa/legacy/melanoma/raw/ramaciotti/8032_UNSW_C1P9AACXX/8032_UNSW_C1P9AACXX_NoIndex_L001_R1_001.fastq.gz
2013-05-14,/pbstore/groupfs/bpa/legacy/melanoma/raw/ramaciotti/8032_UNSW_C1P9AACXX/8032_UNSW_C1P9AACXX_NoIndex_L001_R2_001.fastq.gz
2013-05-14,/pbstore/groupfs/bpa/legacy/melanoma/raw/ramaciotti/8032_UNSW_C1P9AACXX/8032_UNSW_C1P9AACXX_NoIndex_L002_R1_001.fastq.gz
2013-05-14,/pbstore/groupfs/bpa/legacy/melanoma/raw/ramaciotti/8032_UNSW_C1P9AACXX/8032_UNSW_C1P9AACXX_NoIndex_L002_R2_001.fastq.gz
2013-05-14,/pbstore/groupfs/bpa/legacy/melanoma/raw/ramaciotti/8032_UNSW_C1P9AACXX/8032_UNSW_C1P9AACXX_NoIndex_L003_R1_001.fastq.gz
2013-05-14,/pbstore/groupfs/bpa/legacy/melanoma/raw/ramaciotti/8032_UNSW_C1P9AACXX/8032_UNSW_C1P9AACXX_NoIndex_L003_R2_001.fastq.gz
2013-05-14,/pbstore/groupfs/bpa/legacy/melanoma/raw/ramaciotti/8032_UNSW_C1P9AACXX/METADATA
2013-05-15,/pbstore/groupfs/bpa/legacy/melanoma/raw/ramaciotti/8032_UNSW_C1P9AACXX/checksums.cortex.md5
2013-05-15,/pbstore/groupfs/bpa/legacy/melanoma/raw/ramaciotti/8032_UNSW_C1P9AACXX/checksums.md5
2013-05-14,/pbstore/groupfs/bpa/legacy/melanoma/raw/ramaciotti/8033_UNSW_C1F30ACXX/8033_UNSW_C1F30ACXX_NoIndex_L007_R1_001.fastq.gz
2013-05-14,/pbstore/groupfs/bpa/legacy/melanoma/raw/ramaciotti/8033_UNSW_C1F30ACXX/8033_UNSW_C1F30ACXX_NoIndex_L007_R2_001.fastq.gz
2013-05-14,/pbstore/groupfs/bpa/legacy/melanoma/raw/ramaciotti/8033_UNSW_C1F30ACXX/METADATA
2013-05-14,/pbstore/groupfs/bpa/legacy/melanoma/raw/ramaciotti/8033_UNSW_C1F30ACXX/checksums.cortex.md5
2013-05-14,/pbstore/groupfs/bpa/legacy/melanoma/raw/ramaciotti/8033_UNSW_C1F30ACXX/checksums.md5
2013-05-14,/pbstore/groupfs/bpa/legacy/melanoma/raw/ramaciotti/8033_UNSW_C1P9AACXX/8033_UNSW_C1P9AACXX_NoIndex_L004_R1_001.fastq.gz
2013-05-14,/pbstore/groupfs/bpa/legacy/melanoma/raw/ramaciotti/8033_UNSW_C1P9AACXX/8033_UNSW_C1P9AACXX_NoIndex_L004_R2_001.fastq.gz
2013-05-14,/pbstore/groupfs/bpa/legacy/melanoma/raw/ramaciotti/8033_UNSW_C1P9AACXX/8033_UNSW_C1P9AACXX_NoIndex_L005_R1_001.fastq.gz
2013-05-14,/pbstore/groupfs/bpa/legacy/melanoma/raw/ramaciotti/8033_UNSW_C1P9AACXX/8033_UNSW_C1P9AACXX_NoIndex_L005_R2_001.fastq.gz
2013-05-14,/pbstore/groupfs/bpa/legacy/melanoma/raw/ramaciotti/8033_UNSW_C1P9AACXX/8033_UNSW_C1P9AACXX_NoIndex_L006_R1_001.fastq.gz
2013-05-14,/pbstore/groupfs/bpa/legacy/melanoma/raw/ramaciotti/8033_UNSW_C1P9AACXX/8033_UNSW_C1P9AACXX_NoIndex_L006_R2_001.fastq.gz
2013-05-14,/pbstore/groupfs/bpa/legacy/melanoma/raw/ramaciotti/8033_UNSW_C1P9AACXX/METADATA
2013-05-14,/pbstore/groupfs/bpa/legacy/melanoma/raw/ramaciotti/8033_UNSW_C1P9AACXX/checksums.cortex.md5
2013-05-14,/pbstore/groupfs/bpa/legacy/melanoma/raw/ramaciotti/8033_UNSW_C1P9AACXX/checksums.md5
2013-05-14,/pbstore/groupfs/bpa/legacy/melanoma/raw/ramaciotti/8034_UNSW_C1F30ACXX/8034_UNSW_C1F30ACXX_NoIndex_L008_R1_001.fastq.gz
2013-05-14,/pbstore/groupfs/bpa/legacy/melanoma/raw/ramaciotti/8034_UNSW_C1F30ACXX/8034_UNSW_C1F30ACXX_NoIndex_L008_R2_001.fastq.gz
2013-05-14,/pbstore/groupfs/bpa/legacy/melanoma/raw/ramaciotti/8034_UNSW_C1F30ACXX/METADATA
2013-05-14,/pbstore/groupfs/bpa/legacy/melanoma/raw/ramaciotti/8034_UNSW_C1F30ACXX/checksums.cortex.md5
2013-05-14,/pbstore/groupfs/bpa/legacy/melanoma/raw/ramaciotti/8034_UNSW_C1F30ACXX/checksums.md5
2013-04-10,/pbstore/groupfs/bpa/legacy/melanoma/raw/ramaciotti/8034_UNSW_C1P9AACXX/8034_UNSW_C1P9AACXX_NoIndex_L007_R1_001.fastq.gz
2013-04-10,/pbstore/groupfs/bpa/legacy/melanoma/raw/ramaciotti/8034_UNSW_C1P9AACXX/8034_UNSW_C1P9AACXX_NoIndex_L007_R2_001.fastq.gz
2013-04-10,/pbstore/groupfs/bpa/legacy/melanoma/raw/ramaciotti/8034_UNSW_C1P9AACXX/METADATA
2013-04-10,/pbstore/groupfs/bpa/legacy/melanoma/raw/ramaciotti/8034_UNSW_C1P9AACXX/checksums.cortex.md5
2013-04-10,/pbstore/groupfs/bpa/legacy/melanoma/raw/ramaciotti/8034_UNSW_C1P9AACXX/checksums.md5
2013-05-14,/pbstore/groupfs/bpa/legacy/melanoma/raw/ramaciotti/8034_UNSW_C1PC0ACXX/8034_UNSW_C1PC0ACXX_NoIndex_L001_R1_001.fastq.gz
2013-05-14,/pbstore/groupfs/bpa/legacy/melanoma/raw/ramaciotti/8034_UNSW_C1PC0ACXX/8034_UNSW_C1PC0ACXX_NoIndex_L001_R2_001.fastq.gz
2013-05-14,/pbstore/groupfs/bpa/legacy/melanoma/raw/ramaciotti/8034_UNSW_C1PC0ACXX/8034_UNSW_C1PC0ACXX_NoIndex_L002_R1_001.fastq.gz
2013-05-14,/pbstore/groupfs/bpa/legacy/melanoma/raw/ramaciotti/8034_UNSW_C1PC0ACXX/8034_UNSW_C1PC0ACXX_NoIndex_L002_R2_001.fastq.gz
2013-05-14,/pbstore/groupfs/bpa/legacy/melanoma/raw/ramaciotti/8034_UNSW_C1PC0ACXX/METADATA
2013-05-14,/pbstore/groupfs/bpa/legacy/melanoma/raw/ramaciotti/8034_UNSW_C1PC0ACXX/checksums.cortex.md5
2013-05-14,/pbstore/groupfs/bpa/legacy/melanoma/raw/ramaciotti/8034_UNSW_C1PC0ACXX/checksums.md5
2013-05-14,/pbstore/groupfs/bpa/legacy/melanoma/raw/ramaciotti/8035_UNSW_C1PC0ACXX/8035_UNSW_C1PC0ACXX_NoIndex_L003_R1_001.fastq.gz
2013-05-14,/pbstore/groupfs/bpa/legacy/melanoma/raw/ramaciotti/8035_UNSW_C1PC0ACXX/8035_UNSW_C1PC0ACXX_NoIndex_L003_R2_001.fastq.gz
2013-05-14,/pbstore/groupfs/bpa/legacy/melanoma/raw/ramaciotti/8035_UNSW_C1PC0ACXX/8035_UNSW_C1PC0ACXX_NoIndex_L004_R1_001.fastq.gz
2013-05-14,/pbstore/groupfs/bpa/legacy/melanoma/raw/ramaciotti/8035_UNSW_C1PC0ACXX/8035_UNSW_C1PC0ACXX_NoIndex_L004_R2_001.fastq.gz
2013-05-14,/pbstore/groupfs/bpa/legacy/melanoma/raw/ramaciotti/8035_UNSW_C1PC0ACXX/8035_UNSW_C1PC0ACXX_NoIndex_L005_R1_001.fastq.gz
2013-05-14,/pbstore/groupfs/bpa/legacy/melanoma/raw/ramaciotti/8035_UNSW_C1PC0ACXX/8035_UNSW_C1PC0ACXX_NoIndex_L005_R2_001.fastq.gz
2013-05-14,/pbstore/groupfs/bpa/legacy/melanoma/raw/ramaciotti/8035_UNSW_C1PC0ACXX/METADATA
2013-05-15,/pbstore/groupfs/bpa/legacy/melanoma/raw/ramaciotti/8035_UNSW_C1PC0ACXX/checksums.cortex.md5
2013-05-14,/pbstore/groupfs/bpa/legacy/melanoma/raw/ramaciotti/8035_UNSW_C1PC0ACXX/checksums.md5
2013-05-14,/pbstore/groupfs/bpa/legacy/melanoma/raw/ramaciotti/8035_UNSW_D1KLLACXX/8035_UNSW_D1KLLACXX_NoIndex_L001_R1_001.fastq.gz
2013-05-14,/pbstore/groupfs/bpa/legacy/melanoma/raw/ramaciotti/8035_UNSW_D1KLLACXX/8035_UNSW_D1KLLACXX_NoIndex_L001_R2_001.fastq.gz
2013-05-14,/pbstore/groupfs/bpa/legacy/melanoma/raw/ramaciotti/8035_UNSW_D1KLLACXX/METADATA
2013-05-15,/pbstore/groupfs/bpa/legacy/melanoma/raw/ramaciotti/8035_UNSW_D1KLLACXX/checksums.cortex.md5
2013-05-14,/pbstore/groupfs/bpa/legacy/melanoma/raw/ramaciotti/8035_UNSW_D1KLLACXX/checksums.md5
2013-04-10,/pbstore/groupfs/bpa/legacy/melanoma/raw/ramaciotti/8036_UNSW_D1PY3ACXX/8036_UNSW_D1PY3ACXX_NoIndex_L007_R1_001.fastq.gz
2013-04-10,/pbstore/groupfs/bpa/legacy/melanoma/raw/ramaciotti/8036_UNSW_D1PY3ACXX/8036_UNSW_D1PY3ACXX_NoIndex_L007_R2_001.fastq.gz
2013-04-10,/pbstore/groupfs/bpa/legacy/melanoma/raw/ramaciotti/8036_UNSW_D1PY3ACXX/8036_UNSW_D1PY3ACXX_NoIndex_L008_R1_001.fastq.gz
2013-04-10,/pbstore/groupfs/bpa/legacy/melanoma/raw/ramaciotti/8036_UNSW_D1PY3ACXX/8036_UNSW_D1PY3ACXX_NoIndex_L008_R2_001.fastq.gz
2013-04-10,/pbstore/groupfs/bpa/legacy/melanoma/raw/ramaciotti/8036_UNSW_D1PY3ACXX/METADATA
2013-04-10,/pbstore/groupfs/bpa/legacy/melanoma/raw/ramaciotti/8036_UNSW_D1PY3ACXX/checksums.cortex.md5
2013-04-10,/pbstore/groupfs/bpa/legacy/melanoma/raw/ramaciotti/8036_UNSW_D1PY3ACXX/checksums.md5
2013-05-14,/pbstore/groupfs/bpa/legacy/melanoma/raw/ramaciotti/8037_UNSW_C1PC0ACXX/8037_UNSW_C1PC0ACXX_NoIndex_L006_R1_001.fastq.gz
2013-05-14,/pbstore/groupfs/bpa/legacy/melanoma/raw/ramaciotti/8037_UNSW_C1PC0ACXX/8037_UNSW_C1PC0ACXX_NoIndex_L006_R2_001.fastq.gz
2013-05-14,/pbstore/groupfs/bpa/legacy/melanoma/raw/ramaciotti/8037_UNSW_C1PC0ACXX/METADATA
2013-05-15,/pbstore/groupfs/bpa/legacy/melanoma/raw/ramaciotti/8037_UNSW_C1PC0ACXX/checksums.cortex.md5
2013-05-14,/pbstore/groupfs/bpa/legacy/melanoma/raw/ramaciotti/8037_UNSW_C1PC0ACXX/checksums.md5
2013-05-14,/pbstore/groupfs/bpa/legacy/melanoma/raw/ramaciotti/8037_UNSW_C1PC1ACXX/8037_UNSW_C1PC1ACXX_NoIndex_L001_R1_001.fastq.gz
2013-05-14,/pbstore/groupfs/bpa/legacy/melanoma/raw/ramaciotti/8037_UNSW_C1PC1ACXX/8037_UNSW_C1PC1ACXX_NoIndex_L001_R2_001.fastq.gz
2013-05-14,/pbstore/groupfs/bpa/legacy/melanoma/raw/ramaciotti/8037_UNSW_C1PC1ACXX/8037_UNSW_C1PC1ACXX_NoIndex_L002_R1_001.fastq.gz
2013-05-14,/pbstore/groupfs/bpa/legacy/melanoma/raw/ramaciotti/8037_UNSW_C1PC1ACXX/8037_UNSW_C1PC1ACXX_NoIndex_L002_R2_001.fastq.gz
2013-05-14,/pbstore/groupfs/bpa/legacy/melanoma/raw/ramaciotti/8037_UNSW_C1PC1ACXX/METADATA
2013-05-15,/pbstore/groupfs/bpa/legacy/melanoma/raw/ramaciotti/8037_UNSW_C1PC1ACXX/checksums.cortex.md5
2013-05-14,/pbstore/groupfs/bpa/legacy/melanoma/raw/ramaciotti/8037_UNSW_C1PC1ACXX/checksums.md5
2013-05-14,/pbstore/groupfs/bpa/legacy/melanoma/raw/ramaciotti/8038_UNSW_C1PC0ACXX/8038_UNSW_C1PC0ACXX_NoIndex_L007_R1_001.fastq.gz
2013-05-14,/pbstore/groupfs/bpa/legacy/melanoma/raw/ramaciotti/8038_UNSW_C1PC0ACXX/8038_UNSW_C1PC0ACXX_NoIndex_L007_R2_001.fastq.gz
2013-05-14,/pbstore/groupfs/bpa/legacy/melanoma/raw/ramaciotti/8038_UNSW_C1PC0ACXX/METADATA
2013-05-15,/pbstore/groupfs/bpa/legacy/melanoma/raw/ramaciotti/8038_UNSW_C1PC0ACXX/checksums.cortex.md5
2013-05-14,/pbstore/groupfs/bpa/legacy/melanoma/raw/ramaciotti/8038_UNSW_C1PC0ACXX/checksums.md5
2013-05-14,/pbstore/groupfs/bpa/legacy/melanoma/raw/ramaciotti/8038_UNSW_C1PC1ACXX/8038_UNSW_C1PC1ACXX_NoIndex_L003_R1_001.fastq.gz
2013-05-14,/pbstore/groupfs/bpa/legacy/melanoma/raw/ramaciotti/8038_UNSW_C1PC1ACXX/8038_UNSW_C1PC1ACXX_NoIndex_L003_R2_001.fastq.gz
2013-05-14,/pbstore/groupfs/bpa/legacy/melanoma/raw/ramaciotti/8038_UNSW_C1PC1ACXX/8038_UNSW_C1PC1ACXX_NoIndex_L004_R1_001.fastq.gz
2013-05-14,/pbstore/groupfs/bpa/legacy/melanoma/raw/ramaciotti/8038_UNSW_C1PC1ACXX/8038_UNSW_C1PC1ACXX_NoIndex_L004_R2_001.fastq.gz
2013-05-14,/pbstore/groupfs/bpa/legacy/melanoma/raw/ramaciotti/8038_UNSW_C1PC1ACXX/METADATA
2013-05-15,/pbstore/groupfs/bpa/legacy/melanoma/raw/ramaciotti/8038_UNSW_C1PC1ACXX/checksums.cortex.md5
2013-05-14,/pbstore/groupfs/bpa/legacy/melanoma/raw/ramaciotti/8038_UNSW_C1PC1ACXX/checksums.md5
2013-05-14,/pbstore/groupfs/bpa/legacy/melanoma/raw/ramaciotti/8039_UNSW_C1PC0ACXX/8039_UNSW_C1PC0ACXX_NoIndex_L008_R1_001.fastq.gz
2013-05-14,/pbstore/groupfs/bpa/legacy/melanoma/raw/ramaciotti/8039_UNSW_C1PC0ACXX/8039_UNSW_C1PC0ACXX_NoIndex_L008_R2_001.fastq.gz
2013-05-14,/pbstore/groupfs/bpa/legacy/melanoma/raw/ramaciotti/8039_UNSW_C1PC0ACXX/METADATA
2013-05-15,/pbstore/groupfs/bpa/legacy/melanoma/raw/ramaciotti/8039_UNSW_C1PC0ACXX/checksums.cortex.md5
2013-05-14,/pbstore/groupfs/bpa/legacy/melanoma/raw/ramaciotti/8039_UNSW_C1PC0ACXX/checksums.md5
2013-05-14,/pbstore/groupfs/bpa/legacy/melanoma/raw/ramaciotti/8039_UNSW_C1PC1ACXX/8039_UNSW_C1PC1ACXX_NoIndex_L005_R1_001.fastq.gz
2013-05-14,/pbstore/groupfs/bpa/legacy/melanoma/raw/ramaciotti/8039_UNSW_C1PC1ACXX/8039_UNSW_C1PC1ACXX_NoIndex_L005_R2_001.fastq.gz
2013-05-14,/pbstore/groupfs/bpa/legacy/melanoma/raw/ramaciotti/8039_UNSW_C1PC1ACXX/8039_UNSW_C1PC1ACXX_NoIndex_L006_R1_001.fastq.gz
2013-05-14,/pbstore/groupfs/bpa/legacy/melanoma/raw/ramaciotti/8039_UNSW_C1PC1ACXX/8039_UNSW_C1PC1ACXX_NoIndex_L006_R2_001.fastq.gz
2013-05-14,/pbstore/groupfs/bpa/legacy/melanoma/raw/ramaciotti/8039_UNSW_C1PC1ACXX/METADATA
2013-05-15,/pbstore/groupfs/bpa/legacy/melanoma/raw/ramaciotti/8039_UNSW_C1PC1ACXX/checksums.cortex.md5
2013-05-14,/pbstore/groupfs/bpa/legacy/melanoma/raw/ramaciotti/8039_UNSW_C1PC1ACXX/checksums.md5
2013-05-21,/pbstore/groupfs/bpa/legacy/melanoma/raw/ramaciotti/8040_UNSW_C1PC1ACXX/8040_UNSW_C1PC1ACXX_NoIndex_L007_R1_001.fastq.gz
2013-05-21,/pbstore/groupfs/bpa/legacy/melanoma/raw/ramaciotti/8040_UNSW_C1PC1ACXX/8040_UNSW_C1PC1ACXX_NoIndex_L007_R2_001.fastq.gz
2013-05-21,/pbstore/groupfs/bpa/legacy/melanoma/raw/ramaciotti/8040_UNSW_C1PC1ACXX/8040_UNSW_C1PC1ACXX_NoIndex_L008_R1_001.fastq.gz
2013-05-21,/pbstore/groupfs/bpa/legacy/melanoma/raw/ramaciotti/8040_UNSW_C1PC1ACXX/8040_UNSW_C1PC1ACXX_NoIndex_L008_R2_001.fastq.gz
2013-05-21,/pbstore/groupfs/bpa/legacy/melanoma/raw/ramaciotti/8040_UNSW_C1PC1ACXX/METADATA
2013-05-21,/pbstore/groupfs/bpa/legacy/melanoma/raw/ramaciotti/8040_UNSW_C1PC1ACXX/checksums.cortex.md5
2013-05-21,/pbstore/groupfs/bpa/legacy/melanoma/raw/ramaciotti/8040_UNSW_C1PC1ACXX/checksums.md5
2013-06-18,/pbstore/groupfs/bpa/legacy/melanoma/raw/ramaciotti/8040_UNSW_D1VW8ACXX/8040_UNSW_D1VW8ACXX_NoIndex_L001_R1_001.fastq.gz
2013-06-18,/pbstore/groupfs/bpa/legacy/melanoma/raw/ramaciotti/8040_UNSW_D1VW8ACXX/8040_UNSW_D1VW8ACXX_NoIndex_L001_R2_001.fastq.gz
2013-06-18,/pbstore/groupfs/bpa/legacy/melanoma/raw/ramaciotti/8040_UNSW_D1VW8ACXX/METADATA
2013-06-18,/pbstore/groupfs/bpa/legacy/melanoma/raw/ramaciotti/8040_UNSW_D1VW8ACXX/checksums.md5
2012-06-28,/pbstore/groupfs/bpa/legacy/melanoma/raw/ramaciotti/A15/checksums.cortex.md5
2012-06-28,/pbstore/groupfs/bpa/legacy/melanoma/raw/ramaciotti/A15_LCL/checksums.cortex.md5
2012-10-08,/pbstore/groupfs/bpa/legacy/melanoma/raw/ramaciotti/C0Y3EACXX/Project_5_C0Y3EACXX/checksums.cortex.md5
2012-10-08,/pbstore/groupfs/bpa/legacy/melanoma/raw/ramaciotti/C0Y3EACXX/Project_6_C0Y3EACXX/Project_6_C0Y3EACXX-md5sums.txt
2012-10-08,/pbstore/groupfs/bpa/legacy/melanoma/raw/ramaciotti/C0Y3EACXX/Project_6_C0Y3EACXX/checksums.cortex.md5
2012-10-08,/pbstore/groupfs/bpa/legacy/melanoma/raw/ramaciotti/C0Y3EACXX/Project_7_C0Y3EACXX/Project_7_C0Y3EACXX-md5sums.txt
2012-10-08,/pbstore/groupfs/bpa/legacy/melanoma/raw/ramaciotti/C0Y3EACXX/Project_7_C0Y3EACXX/checksums.cortex.md5
2012-10-08,/pbstore/groupfs/bpa/legacy/melanoma/raw/ramaciotti/C0Y3EACXX/Project_8_C0Y3EACXX/Project_8_C0Y3EACXX-md5sums.txt
2012-10-08,/pbstore/groupfs/bpa/legacy/melanoma/raw/ramaciotti/C0Y3EACXX/Project_8_C0Y3EACXX/checksums.cortex.md5
2012-10-08,/pbstore/groupfs/bpa/legacy/melanoma/raw/ramaciotti/C1OFEACXX/Project_2_C1OFEACXX/Project_2_C1OFEACXX-md5sums.txt
2012-10-08,/pbstore/groupfs/bpa/legacy/melanoma/raw/ramaciotti/C1OFEACXX/Project_2_C1OFEACXX/checksums.cortex.md5
2012-10-08,/pbstore/groupfs/bpa/legacy/melanoma/raw/ramaciotti/C1OFEACXX/Project_3_C1OFEACXX/checksums.cortex.md5
2012-10-08,/pbstore/groupfs/bpa/legacy/melanoma/raw/ramaciotti/C1OFEACXX/Project_4_C1OFEACXX/checksums.cortex.md5
2012-10-08,/pbstore/groupfs/bpa/legacy/melanoma/raw/ramaciotti/C1OFEACXX/Project_5_C1OFEACXX/Project_5_C1OFEACXX-md5sums.txt
2012-10-08,/pbstore/groupfs/bpa/legacy/melanoma/raw/ramaciotti/C1OFEACXX/Project_5_C1OFEACXX/checksums.cortex.md5
2012-10-08,/pbstore/groupfs/bpa/legacy/melanoma/raw/ramaciotti/C1OKAACXX/Project_1_C1OKAACXX/checksums.cortex.md5
2012-10-08,/pbstore/groupfs/bpa/legacy/melanoma/raw/ramaciotti/C1OKAACXX/Project_2_C1OKAACXX/checksums.cortex.md5
2012-10-08,/pbstore/groupfs/bpa/legacy/melanoma/raw/ramaciotti/C1OKAACXX/Project_3_C1OKAACXX/checksums.cortex.md5
2012-10-08,/pbstore/groupfs/bpa/legacy/melanoma/raw/ramaciotti/C1OKAACXX/Project_4_C1OKAACXX/checksums.cortex.md5
2012-10-08,/pbstore/groupfs/bpa/legacy/melanoma/raw/ramaciotti/C1OKAACXX/Project_5_C1OKAACXX/Project_5_C1OKAACXX-md5sums.txt
2012-10-08,/pbstore/groupfs/bpa/legacy/melanoma/raw/ramaciotti/C1OKAACXX/Project_5_C1OKAACXX/checksums.cortex.md5
2012-10-08,/pbstore/groupfs/bpa/legacy/melanoma/raw/ramaciotti/C1OKAACXX/Project_6_C1OKAACXX/checksums.cortex.md5
2012-10-08,/pbstore/groupfs/bpa/legacy/melanoma/raw/ramaciotti/C1OKAACXX/Project_7_C1OKAACXX/checksums.cortex.md5
2012-10-08,/pbstore/groupfs/bpa/legacy/melanoma/raw/ramaciotti/C1OKAACXX/Project_8_C1OKAACXX/checksums.cortex.md5
2012-10-08,/pbstore/groupfs/bpa/legacy/melanoma/raw/ramaciotti/D126JACXX/Project_3_D126JACXX/checksums.cortex.md5
2012-10-08,/pbstore/groupfs/bpa/legacy/melanoma/raw/ramaciotti/D126JACXX/Project_4_D126JACXX/checksums.cortex.md5
2012-10-18,/pbstore/groupfs/bpa/legacy/melanoma/raw/ramaciotti/D126JACXX/Project_5_D126JACXX/Sample_C044_102_100_100_7691_UNSW/C044_102_100_100_7691_NoIndex_L005_R2_001.fastq.gz
2012-10-18,/pbstore/groupfs/bpa/legacy/melanoma/raw/ramaciotti/D126JACXX/Project_5_D126JACXX/checksums.cortex.md5
2012-10-08,/pbstore/groupfs/bpa/legacy/melanoma/raw/ramaciotti/D126JACXX/Project_6_D126JACXX/Project_6_D126JACXX-md5sums.txt
2012-10-08,/pbstore/groupfs/bpa/legacy/melanoma/raw/ramaciotti/D126JACXX/Project_6_D126JACXX/checksums.cortex.md5
2012-10-08,/pbstore/groupfs/bpa/legacy/melanoma/raw/ramaciotti/D126JACXX/Project_7_D126JACXX/checksums.cortex.md5
2012-10-08,/pbstore/groupfs/bpa/legacy/melanoma/raw/ramaciotti/D126JACXX/Project_8_D126JACXX/checksums.cortex.md5
2012-10-09,/pbstore/groupfs/bpa/legacy/melanoma/raw/ramaciotti/D14GHACXX/Project_5_D14GHACXX/Project_5_D14GHACXX-md5sums.txt
2012-10-09,/pbstore/groupfs/bpa/legacy/melanoma/raw/ramaciotti/D14GHACXX/Project_5_D14GHACXX/checksums.cortex.md5
2012-10-18,/pbstore/groupfs/bpa/legacy/melanoma/raw/ramaciotti/D14GHACXX/Project_6_D14GHACXX/checksums.cortex.md5
2012-10-09,/pbstore/groupfs/bpa/legacy/melanoma/raw/ramaciotti/D14GHACXX/Project_7_D14GHACXX/Project_7_D14GHACXX-md5sums.txt
2012-10-09,/pbstore/groupfs/bpa/legacy/melanoma/raw/ramaciotti/D14GHACXX/Project_7_D14GHACXX/checksums.cortex.md5
2012-10-09,/pbstore/groupfs/bpa/legacy/melanoma/raw/ramaciotti/D14GHACXX/Project_8_D14GHACXX/Project_8_D14GHACXX-md5sums.txt
2012-10-09,/pbstore/groupfs/bpa/legacy/melanoma/raw/ramaciotti/D14GHACXX/Project_8_D14GHACXX/checksums.cortex.md5
2012-10-09,/pbstore/groupfs/bpa/legacy/melanoma/raw/ramaciotti/D14HVACXX/Project_1_D14HVACXX/checksums.cortex.md5
2012-10-09,/pbstore/groupfs/bpa/legacy/melanoma/raw/ramaciotti/D14HVACXX/Project_2_D14HVACXX/Project_2_D14HVACXX-md5sums.txt
2012-10-09,/pbstore/groupfs/bpa/legacy/melanoma/raw/ramaciotti/D14HVACXX/Project_2_D14HVACXX/checksums.cortex.md5
2012-10-09,/pbstore/groupfs/bpa/legacy/melanoma/raw/ramaciotti/D14HVACXX/Project_3_D14HVACXX/checksums.cortex.md5
2012-10-09,/pbstore/groupfs/bpa/legacy/melanoma/raw/ramaciotti/D14HVACXX/Project_4_D14HVACXX/Project_4_D14HVACXX-md5sums.txt
2012-10-09,/pbstore/groupfs/bpa/legacy/melanoma/raw/ramaciotti/D14HVACXX/Project_4_D14HVACXX/checksums.cortex.md5
2012-10-09,/pbstore/groupfs/bpa/legacy/melanoma/raw/ramaciotti/D14HVACXX/Project_5_D14HVACXX/Project_5_D14HVACXX-md5sums.txt
2012-10-09,/pbstore/groupfs/bpa/legacy/melanoma/raw/ramaciotti/D14HVACXX/Project_5_D14HVACXX/checksums.cortex.md5
2012-10-09,/pbstore/groupfs/bpa/legacy/melanoma/raw/ramaciotti/D14HVACXX/Project_6_D14HVACXX/Project_6_D14HVACXX-md5sums.txt
2012-10-09,/pbstore/groupfs/bpa/legacy/melanoma/raw/ramaciotti/D14HVACXX/Project_6_D14HVACXX/checksums.cortex.md5
2012-10-09,/pbstore/groupfs/bpa/legacy/melanoma/raw/ramaciotti/D14HVACXX/Project_7_D14HVACXX/checksums.cortex.md5
2012-11-21,/pbstore/groupfs/bpa/legacy/melanoma/raw/ramaciotti/README
2013-02-11,/pbstore/groupfs/bpa/legacy/melanoma/raw/ramaciotti/jan2013/102_100_100_7936_UNSW/Project_102_100_100_7936_unsw_D1D3BACXX/Sample_102_100_100_7936_unsw/md5sums.txt
2013-03-04,/pbstore/groupfs/bpa/legacy/melanoma/raw/ramaciotti/jan2013/102_100_100_7936_UNSW/resend/102_100_100_7936_unsw_NoIndex_L001_R2_001.fastq.gz
2013-02-11,/pbstore/groupfs/bpa/legacy/melanoma/raw/ramaciotti/jan2013/102_100_100_7938_UNSW/Project_102_100_100_7938_unsw_D1D3BACXX/Sample_102_100_100_7938_unsw/md5sums.txt
2013-02-11,/pbstore/groupfs/bpa/legacy/melanoma/raw/ramaciotti/jan2013/102_100_100_7940_UNSW/Project_D1B1TACXX/Sample_102_100_100_7940_unsw_D1B1TACXX/md5sums.txt
2013-02-11,/pbstore/groupfs/bpa/legacy/melanoma/raw/ramaciotti/jan2013/102_100_100_7940_UNSW/Sample_102_100_100_7940_UNSW_C17TFACXX/md5sums.txt
2012-04-19,/pbstore/groupfs/bpa/legacy/melanoma/raw/ramaciotti/tb_188/C0JM4ACXX_1/Sample_tb_188/SampleSheet.csv
2012-06-28,/pbstore/groupfs/bpa/legacy/melanoma/raw/ramaciotti/tb_188/C0JM4ACXX_1/Sample_tb_188/checksums.cortex.md5
2012-04-19,/pbstore/groupfs/bpa/legacy/melanoma/raw/ramaciotti/tb_188/C0JM4ACXX_1/Sample_tb_188/tb_188_NoIndex_L001_R1_001.fastq.gz
2012-04-19,/pbstore/groupfs/bpa/legacy/melanoma/raw/ramaciotti/tb_188/C0JM4ACXX_1/Sample_tb_188/tb_188_NoIndex_L001_R2_001.fastq.gz
2012-04-19,/pbstore/groupfs/bpa/legacy/melanoma/raw/ramaciotti/tb_188/C0JM4ACXX_2/Sample_tb_188/SampleSheet.csv
2012-06-28,/pbstore/groupfs/bpa/legacy/melanoma/raw/ramaciotti/tb_188/C0JM4ACXX_2/Sample_tb_188/checksums.cortex.md5
2012-04-19,/pbstore/groupfs/bpa/legacy/melanoma/raw/ramaciotti/tb_188/C0JM4ACXX_2/Sample_tb_188/tb_188_NoIndex_L002_R1_001.fastq.gz
2012-04-19,/pbstore/groupfs/bpa/legacy/melanoma/raw/ramaciotti/tb_188/C0JM4ACXX_2/Sample_tb_188/tb_188_NoIndex_L002_R2_001.fastq.gz
2012-04-19,/pbstore/groupfs/bpa/legacy/melanoma/raw/ramaciotti/tb_188/C0JM4ACXX_3/Sample_tb_188/SampleSheet.csv
2012-06-28,/pbstore/groupfs/bpa/legacy/melanoma/raw/ramaciotti/tb_188/C0JM4ACXX_3/Sample_tb_188/checksums.cortex.md5
2012-04-19,/pbstore/groupfs/bpa/legacy/melanoma/raw/ramaciotti/tb_188/C0JM4ACXX_3/Sample_tb_188/tb_188_NoIndex_L003_R1_001.fastq.gz
2012-04-19,/pbstore/groupfs/bpa/legacy/melanoma/raw/ramaciotti/tb_188/C0JM4ACXX_3/Sample_tb_188/tb_188_NoIndex_L003_R2_001.fastq.gz
2012-04-19,/pbstore/groupfs/bpa/legacy/melanoma/raw/ramaciotti/tb_188/C0JM4ACXX_4/Sample_tb_188/SampleSheet.csv
2012-06-28,/pbstore/groupfs/bpa/legacy/melanoma/raw/ramaciotti/tb_188/C0JM4ACXX_4/Sample_tb_188/checksums.cortex.md5
2012-04-19,/pbstore/groupfs/bpa/legacy/melanoma/raw/ramaciotti/tb_188/C0JM4ACXX_4/Sample_tb_188/tb_188_NoIndex_L004_R1_001.fastq.gz
2012-04-19,/pbstore/groupfs/bpa/legacy/melanoma/raw/ramaciotti/tb_188/C0JM4ACXX_4/Sample_tb_188/tb_188_NoIndex_L004_R2_001.fastq.gz
2012-04-11,/pbstore/groupfs/bpa/legacy/melanoma/raw/ramaciotti/tb_188/D0TIEACXX_1/Sample_tb_188/SampleSheet.csv
2012-06-28,/pbstore/groupfs/bpa/legacy/melanoma/raw/ramaciotti/tb_188/D0TIEACXX_1/Sample_tb_188/checksums.cortex.md5
2012-04-12,/pbstore/groupfs/bpa/legacy/melanoma/raw/ramaciotti/tb_188/D0TIEACXX_1/Sample_tb_188/tb_188_NoIndex_L001_R1_001.fastq.gz
2012-04-12,/pbstore/groupfs/bpa/legacy/melanoma/raw/ramaciotti/tb_188/D0TIEACXX_1/Sample_tb_188/tb_188_NoIndex_L001_R2_001.fastq.gz
2012-04-16,/pbstore/groupfs/bpa/legacy/melanoma/raw/ramaciotti/tb_188_TUMOUR/C0NY0ACXX_1/Sample_tb_188_tumour/SampleSheet.csv
2012-06-28,/pbstore/groupfs/bpa/legacy/melanoma/raw/ramaciotti/tb_188_TUMOUR/C0NY0ACXX_1/Sample_tb_188_tumour/checksums.cortex.md5
2012-04-16,/pbstore/groupfs/bpa/legacy/melanoma/raw/ramaciotti/tb_188_TUMOUR/C0NY0ACXX_1/Sample_tb_188_tumour/tb_188_tumour_NoIndex_L001_R1_001.fastq.gz
2012-04-16,/pbstore/groupfs/bpa/legacy/melanoma/raw/ramaciotti/tb_188_TUMOUR/C0NY0ACXX_1/Sample_tb_188_tumour/tb_188_tumour_NoIndex_L001_R2_001.fastq.gz
2012-04-16,/pbstore/groupfs/bpa/legacy/melanoma/raw/ramaciotti/tb_188_TUMOUR/C0NY0ACXX_2/Sample_tb_188_tumour/SampleSheet.csv
2012-06-28,/pbstore/groupfs/bpa/legacy/melanoma/raw/ramaciotti/tb_188_TUMOUR/C0NY0ACXX_2/Sample_tb_188_tumour/checksums.cortex.md5
2012-04-16,/pbstore/groupfs/bpa/legacy/melanoma/raw/ramaciotti/tb_188_TUMOUR/C0NY0ACXX_2/Sample_tb_188_tumour/tb_188_tumour_NoIndex_L002_R1_001.fastq.gz
2012-04-16,/pbstore/groupfs/bpa/legacy/melanoma/raw/ramaciotti/tb_188_TUMOUR/C0NY0ACXX_2/Sample_tb_188_tumour/tb_188_tumour_NoIndex_L002_R2_001.fastq.gz
2012-04-16,/pbstore/groupfs/bpa/legacy/melanoma/raw/ramaciotti/tb_188_TUMOUR/C0NY0ACXX_3/Sample_tb_188_tumour/SampleSheet.csv
2012-06-28,/pbstore/groupfs/bpa/legacy/melanoma/raw/ramaciotti/tb_188_TUMOUR/C0NY0ACXX_3/Sample_tb_188_tumour/checksums.cortex.md5
2012-04-16,/pbstore/groupfs/bpa/legacy/melanoma/raw/ramaciotti/tb_188_TUMOUR/C0NY0ACXX_3/Sample_tb_188_tumour/tb_188_tumour_NoIndex_L003_R1_001.fastq.gz
2012-04-16,/pbstore/groupfs/bpa/legacy/melanoma/raw/ramaciotti/tb_188_TUMOUR/C0NY0ACXX_3/Sample_tb_188_tumour/tb_188_tumour_NoIndex_L003_R2_001.fastq.gz
2012-04-16,/pbstore/groupfs/bpa/legacy/melanoma/raw/ramaciotti/tb_188_TUMOUR/C0NY0ACXX_4/Sample_tb_188_tumour/SampleSheet.csv
2012-06-28,/pbstore/groupfs/bpa/legacy/melanoma/raw/ramaciotti/tb_188_TUMOUR/C0NY0ACXX_4/Sample_tb_188_tumour/checksums.cortex.md5
2012-04-16,/pbstore/groupfs/bpa/legacy/melanoma/raw/ramaciotti/tb_188_TUMOUR/C0NY0ACXX_4/Sample_tb_188_tumour/tb_188_tumour_NoIndex_L004_R1_001.fastq.gz
2012-04-16,/pbstore/groupfs/bpa/legacy/melanoma/raw/ramaciotti/tb_188_TUMOUR/C0NY0ACXX_4/Sample_tb_188_tumour/tb_188_tumour_NoIndex_L004_R2_001.fastq.gz
2012-04-11,/pbstore/groupfs/bpa/legacy/melanoma/raw/ramaciotti/tb_188_TUMOUR/D0TIEACXX_3/Sample_tb_188_tumour/SampleSheet.csv
2012-06-28,/pbstore/groupfs/bpa/legacy/melanoma/raw/ramaciotti/tb_188_TUMOUR/D0TIEACXX_3/Sample_tb_188_tumour/checksums.cortex.md5
2012-04-12,/pbstore/groupfs/bpa/legacy/melanoma/raw/ramaciotti/tb_188_TUMOUR/D0TIEACXX_3/Sample_tb_188_tumour/tb_188_tumour_NoIndex_L003_R1_001.fastq.gz
2012-04-12,/pbstore/groupfs/bpa/legacy/melanoma/raw/ramaciotti/tb_188_TUMOUR/D0TIEACXX_3/Sample_tb_188_tumour/tb_188_tumour_NoIndex_L003_R2_001.fastq.gz
2012-04-19,/pbstore/groupfs/bpa/legacy/melanoma/raw/ramaciotti/tb_412/C0JM4ACXX_5/Sample_tb_412/SampleSheet.csv
2012-06-28,/pbstore/groupfs/bpa/legacy/melanoma/raw/ramaciotti/tb_412/C0JM4ACXX_5/Sample_tb_412/checksums.cortex.md5
2012-04-19,/pbstore/groupfs/bpa/legacy/melanoma/raw/ramaciotti/tb_412/C0JM4ACXX_5/Sample_tb_412/tb_412_NoIndex_L005_R1_001.fastq.gz
2012-04-19,/pbstore/groupfs/bpa/legacy/melanoma/raw/ramaciotti/tb_412/C0JM4ACXX_5/Sample_tb_412/tb_412_NoIndex_L005_R2_001.fastq.gz
2012-04-19,/pbstore/groupfs/bpa/legacy/melanoma/raw/ramaciotti/tb_412/C0JM4ACXX_6/Sample_tb_412/SampleSheet.csv
2012-06-28,/pbstore/groupfs/bpa/legacy/melanoma/raw/ramaciotti/tb_412/C0JM4ACXX_6/Sample_tb_412/checksums.cortex.md5
2012-04-19,/pbstore/groupfs/bpa/legacy/melanoma/raw/ramaciotti/tb_412/C0JM4ACXX_6/Sample_tb_412/tb_412_NoIndex_L006_R1_001.fastq.gz
2012-04-19,/pbstore/groupfs/bpa/legacy/melanoma/raw/ramaciotti/tb_412/C0JM4ACXX_6/Sample_tb_412/tb_412_NoIndex_L006_R2_001.fastq.gz
2012-04-19,/pbstore/groupfs/bpa/legacy/melanoma/raw/ramaciotti/tb_412/C0JM4ACXX_7/Sample_tb_412/SampleSheet.csv
2012-06-28,/pbstore/groupfs/bpa/legacy/melanoma/raw/ramaciotti/tb_412/C0JM4ACXX_7/Sample_tb_412/checksums.cortex.md5
2012-04-19,/pbstore/groupfs/bpa/legacy/melanoma/raw/ramaciotti/tb_412/C0JM4ACXX_7/Sample_tb_412/tb_412_NoIndex_L007_R1_001.fastq.gz
2012-04-19,/pbstore/groupfs/bpa/legacy/melanoma/raw/ramaciotti/tb_412/C0JM4ACXX_7/Sample_tb_412/tb_412_NoIndex_L007_R2_001.fastq.gz
2012-04-19,/pbstore/groupfs/bpa/legacy/melanoma/raw/ramaciotti/tb_412/C0JM4ACXX_8/Sample_tb_412/SampleSheet.csv
2012-06-28,/pbstore/groupfs/bpa/legacy/melanoma/raw/ramaciotti/tb_412/C0JM4ACXX_8/Sample_tb_412/checksums.cortex.md5
2012-04-19,/pbstore/groupfs/bpa/legacy/melanoma/raw/ramaciotti/tb_412/C0JM4ACXX_8/Sample_tb_412/tb_412_NoIndex_L008_R1_001.fastq.gz
2012-04-19,/pbstore/groupfs/bpa/legacy/melanoma/raw/ramaciotti/tb_412/C0JM4ACXX_8/Sample_tb_412/tb_412_NoIndex_L008_R2_001.fastq.gz
2012-04-11,/pbstore/groupfs/bpa/legacy/melanoma/raw/ramaciotti/tb_412/D0TIEACXX_2/Sample_tb_412/SampleSheet.csv
2012-06-28,/pbstore/groupfs/bpa/legacy/melanoma/raw/ramaciotti/tb_412/D0TIEACXX_2/Sample_tb_412/checksums.cortex.md5
2012-04-12,/pbstore/groupfs/bpa/legacy/melanoma/raw/ramaciotti/tb_412/D0TIEACXX_2/Sample_tb_412/tb_412_NoIndex_L002_R1_001.fastq.gz
2012-04-12,/pbstore/groupfs/bpa/legacy/melanoma/raw/ramaciotti/tb_412/D0TIEACXX_2/Sample_tb_412/tb_412_NoIndex_L002_R2_001.fastq.gz
2012-04-16,/pbstore/groupfs/bpa/legacy/melanoma/raw/ramaciotti/tb_412_TUMOUR/C0NY0ACXX_5/Sample_tb_412_tumour/SampleSheet.csv
2012-06-28,/pbstore/groupfs/bpa/legacy/melanoma/raw/ramaciotti/tb_412_TUMOUR/C0NY0ACXX_5/Sample_tb_412_tumour/checksums.cortex.md5
2012-04-16,/pbstore/groupfs/bpa/legacy/melanoma/raw/ramaciotti/tb_412_TUMOUR/C0NY0ACXX_5/Sample_tb_412_tumour/tb_412_tumour_NoIndex_L005_R1_001.fastq.gz
2012-04-16,/pbstore/groupfs/bpa/legacy/melanoma/raw/ramaciotti/tb_412_TUMOUR/C0NY0ACXX_5/Sample_tb_412_tumour/tb_412_tumour_NoIndex_L005_R2_001.fastq.gz
2012-04-16,/pbstore/groupfs/bpa/legacy/melanoma/raw/ramaciotti/tb_412_TUMOUR/C0NY0ACXX_6/Sample_tb_412_tumour/SampleSheet.csv
2012-06-28,/pbstore/groupfs/bpa/legacy/melanoma/raw/ramaciotti/tb_412_TUMOUR/C0NY0ACXX_6/Sample_tb_412_tumour/checksums.cortex.md5
2012-04-16,/pbstore/groupfs/bpa/legacy/melanoma/raw/ramaciotti/tb_412_TUMOUR/C0NY0ACXX_6/Sample_tb_412_tumour/tb_412_tumour_NoIndex_L006_R1_001.fastq.gz
2012-04-16,/pbstore/groupfs/bpa/legacy/melanoma/raw/ramaciotti/tb_412_TUMOUR/C0NY0ACXX_6/Sample_tb_412_tumour/tb_412_tumour_NoIndex_L006_R2_001.fastq.gz
2012-04-16,/pbstore/groupfs/bpa/legacy/melanoma/raw/ramaciotti/tb_412_TUMOUR/C0NY0ACXX_7/Sample_tb_412_tumour/SampleSheet.csv
2012-06-28,/pbstore/groupfs/bpa/legacy/melanoma/raw/ramaciotti/tb_412_TUMOUR/C0NY0ACXX_7/Sample_tb_412_tumour/checksums.cortex.md5
2012-04-16,/pbstore/groupfs/bpa/legacy/melanoma/raw/ramaciotti/tb_412_TUMOUR/C0NY0ACXX_7/Sample_tb_412_tumour/tb_412_tumour_NoIndex_L007_R1_001.fastq.gz
2012-04-16,/pbstore/groupfs/bpa/legacy/melanoma/raw/ramaciotti/tb_412_TUMOUR/C0NY0ACXX_7/Sample_tb_412_tumour/tb_412_tumour_NoIndex_L007_R2_001.fastq.gz
2012-04-16,/pbstore/groupfs/bpa/legacy/melanoma/raw/ramaciotti/tb_412_TUMOUR/C0NY0ACXX_8/Sample_tb_412_tumour/SampleSheet.csv
2012-06-28,/pbstore/groupfs/bpa/legacy/melanoma/raw/ramaciotti/tb_412_TUMOUR/C0NY0ACXX_8/Sample_tb_412_tumour/checksums.cortex.md5
2012-04-16,/pbstore/groupfs/bpa/legacy/melanoma/raw/ramaciotti/tb_412_TUMOUR/C0NY0ACXX_8/Sample_tb_412_tumour/tb_412_tumour_NoIndex_L008_R1_001.fastq.gz
2012-04-16,/pbstore/groupfs/bpa/legacy/melanoma/raw/ramaciotti/tb_412_TUMOUR/C0NY0ACXX_8/Sample_tb_412_tumour/tb_412_tumour_NoIndex_L008_R2_001.fastq.gz
2012-04-11,/pbstore/groupfs/bpa/legacy/melanoma/raw/ramaciotti/tb_412_TUMOUR/D0TIEACXX_5/Sample_tb_412_tumour/SampleSheet.csv
2012-06-28,/pbstore/groupfs/bpa/legacy/melanoma/raw/ramaciotti/tb_412_TUMOUR/D0TIEACXX_5/Sample_tb_412_tumour/checksums.cortex.md5
2012-04-12,/pbstore/groupfs/bpa/legacy/melanoma/raw/ramaciotti/tb_412_TUMOUR/D0TIEACXX_5/Sample_tb_412_tumour/tb_412_tumour_NoIndex_L005_R1_001.fastq.gz
2012-04-12,/pbstore/groupfs/bpa/legacy/melanoma/raw/ramaciotti/tb_412_TUMOUR/D0TIEACXX_5/Sample_tb_412_tumour/tb_412_tumour_NoIndex_L005_R2_001.fastq.gz
